Program_Genre,Channel_Name,Device_Type,Stream_Quality,Total_View_Duration_Mins,Total_Engagement_Hours,Average_View_Duration_Mins,Total_Views,Unique_Customer_Count,Avg_Buffering_Events,Avg_User_Rating,Quality_Satisfaction,Engagement_Score,Popularity_Tier,Customer_Penetration,Genre_Strength_Index,Device_Adoption_Index,Content_Health,Viewing_Frequency,Content_Reach_Score,Ad_Opportunity_Score
Animation,Abc,Laptop,4K,837,13.95,93.0,9,9,9.444444444444445,3.0,Poor,59,Viral,50,99,100,Healthy,10,34,38
Animation,Abc,Laptop,HD,768,12.8,153.6,5,5,6.8,3.2,Poor,59,Low,27,99,100,Healthy,10,20,14
Animation,Abc,Laptop,SD,1496,24.933333333333334,166.22222222222223,9,9,6.777777777777778,3.4444444444444446,Poor,69,Viral,50,99,100,Healthy,10,34,36
Animation,Abc,Mobile App,4K,1053,17.55,150.42857142857142,7,7,7.067285223367698,3.0,Poor,62,High,38,99,96,Healthy,10,26,26
Animation,Abc,Mobile App,HD,686,11.433333333333334,85.75,8,8,7.0,2.625,Poor,54,High,44,99,96,Healthy,10,30,33
Animation,Abc,Mobile App,SD,1129,18.816666666666666,125.44444444444444,9,9,7.444444444444445,3.3333333333333335,Poor,64,Viral,50,99,96,Healthy,10,34,36
Animation,Abc,Set-Top Box,4K,681,11.35,136.2,5,5,7.4,3.4,Poor,59,Low,27,99,99,Healthy,10,20,14
Animation,Abc,Set-Top Box,HD,943,15.716666666666667,104.77777777777777,9,9,8.0,2.7777777777777777,Poor,59,Viral,50,99,99,Healthy,10,34,38
Animation,Abc,Set-Top Box,SD,380,6.333333333333333,126.66666666666667,3,3,5.666666666666667,2.3333333333333335,Poor,46,Low,16,99,99,At_Risk,10,13,7
Animation,Abc,Smart Tv,4K,1181,19.683333333333334,107.36363636363636,11,11,9.181818181818182,3.090909090909091,Poor,63,Viral,61,99,95,Healthy,10,40,48
Animation,Abc,Smart Tv,HD,864,14.4,86.4,10,10,5.9,3.3,Poor,61,Viral,55,99,95,Healthy,10,37,42
Animation,Abc,Smart Tv,SD,267,4.45,66.75,4,4,6.5,3.25,Poor,48,Low,22,99,95,At_Risk,10,17,9
Animation,Abc,Tablet,4K,769,12.816666666666666,128.16666666666666,6,6,9.5,2.3333333333333335,Poor,53,Medium,33,99,96,Healthy,10,23,23
Animation,Abc,Tablet,HD,1145,19.083333333333332,127.22222222222223,9,9,4.888888888888889,3.5555555555555554,Fair,66,Viral,50,99,96,Healthy,10,34,35
Animation,Abc,Tablet,SD,637,10.616666666666667,159.25,4,4,7.0,2.75,Poor,55,Low,22,99,96,Healthy,10,17,11
Animation,Amc,Laptop,4K,1201,20.016666666666666,120.1,10,10,7.747099656357389,3.0,Poor,63,Viral,55,99,100,Healthy,10,37,43
Animation,Amc,Laptop,HD,724,12.066666666666666,144.8,5,5,5.2,3.4,Poor,60,Low,27,99,100,Healthy,10,20,14
Animation,Amc,Laptop,SD,512,8.533333333333333,170.66666666666666,3,3,6.666666666666667,3.0,Poor,54,Low,16,99,100,Healthy,10,13,4
Animation,Amc,Mobile App,4K,574,9.566666666666666,143.5,4,4,8.367749140893471,3.25,Poor,56,Low,22,99,96,Healthy,10,17,9
Animation,Amc,Mobile App,HD,510,8.5,102.0,5,5,7.8,2.6,Poor,50,Low,27,99,96,Healthy,10,20,17
Animation,Amc,Mobile App,SD,925,15.416666666666666,115.625,8,8,10.625,2.5,Poor,57,High,44,99,96,Healthy,10,30,34
Animation,Amc,Set-Top Box,4K,1536,25.6,153.6,10,10,9.4,2.8,Poor,65,Viral,55,99,99,Healthy,10,37,44
Animation,Amc,Set-Top Box,HD,1536,25.6,139.63636363636363,11,11,7.497363323961263,2.272727272727273,Poor,62,Viral,61,99,99,Healthy,10,40,52
Animation,Amc,Set-Top Box,SD,795,13.25,99.375,8,8,6.625,3.25,Poor,59,High,44,99,99,Healthy,10,30,31
Animation,Amc,Smart Tv,4K,953,15.883333333333333,119.125,8,8,7.625,3.0,Poor,60,High,44,99,95,Healthy,10,30,32
Animation,Amc,Smart Tv,HD,1414,23.566666666666666,141.4,10,10,7.5,3.2,Poor,66,Viral,55,99,95,Healthy,10,37,42
Animation,Amc,Smart Tv,SD,560,9.333333333333334,112.0,5,5,9.0,3.0,Poor,54,Low,27,99,95,Healthy,10,20,15
Animation,Amc,Tablet,4K,838,13.966666666666667,119.71428571428571,7,7,8.571428571428571,3.0,Poor,58,High,38,99,96,Healthy,10,26,26
Animation,Amc,Tablet,HD,1031,17.183333333333334,147.28571428571428,7,7,9.067285223367698,2.2857142857142856,Poor,57,High,38,99,96,Healthy,10,26,29
Animation,Amc,Tablet,SD,374,6.233333333333333,124.66666666666667,3,3,9.333333333333334,4.333333333333333,Poor,58,Low,16,99,96,Healthy,10,13,0
Animation,Cbs,Laptop,4K,619,10.316666666666666,154.75,4,4,6.617749140893471,3.75,Poor,60,Low,22,99,100,Healthy,10,17,7
Animation,Cbs,Laptop,HD,784,13.066666666666666,98.0,8,8,7.875,2.625,Poor,55,High,44,99,100,Healthy,10,30,33
Animation,Cbs,Laptop,SD,1590,26.5,144.54545454545453,11,11,9.636363636363637,2.272727272727273,Poor,62,Viral,61,99,100,Healthy,10,40,52
Animation,Cbs,Mobile App,4K,423,7.05,84.6,5,5,8.694199312714776,3.2,Poor,52,Low,27,99,96,Healthy,10,20,14
Animation,Cbs,Mobile App,HD,669,11.15,133.8,5,5,7.0,2.8,Poor,55,Low,27,99,96,Healthy,10,20,16
Animation,Cbs,Mobile App,SD,664,11.066666666666666,94.85714285714286,7,7,6.9244280805105545,3.4285714285714284,Poor,58,High,38,99,96,Healthy,10,26,25
Animation,Cbs,Set-Top Box,4K,419,6.983333333333333,83.8,5,5,6.4,3.4,Poor,53,Low,27,99,99,Healthy,10,20,14
Animation,Cbs,Set-Top Box,HD,502,8.366666666666667,125.5,4,4,6.25,4.25,Poor,60,Low,22,99,99,Healthy,10,17,5
Animation,Cbs,Set-Top Box,SD,1495,24.916666666666668,186.875,8,8,6.0,3.375,Poor,69,High,44,99,99,Healthy,10,30,30
Animation,Cbs,Smart Tv,4K,652,10.866666666666667,130.4,5,5,8.6,3.4,Poor,58,Low,27,99,95,Healthy,10,20,14
Animation,Cbs,Smart Tv,HD,1065,17.75,133.125,8,8,8.375,2.75,Poor,60,High,44,99,95,Healthy,10,30,33
Animation,Cbs,Smart Tv,SD,688,11.466666666666667,114.66666666666667,6,6,6.0,2.5,Poor,53,Medium,33,99,95,Healthy,10,23,23
Animation,Cbs,Tablet,4K,650,10.833333333333334,108.33333333333333,6,6,6.666666666666667,3.3333333333333335,Poor,57,Medium,33,99,96,Healthy,10,23,19
Animation,Cbs,Tablet,HD,933,15.55,155.5,6,6,7.666666666666667,2.5,Poor,57,Medium,33,99,96,Healthy,10,23,23
Animation,Cbs,Tablet,SD,163,2.716666666666667,54.333333333333336,3,3,9.0,1.3333333333333333,Poor,32,Low,16,99,96,At_Risk,10,13,11
Animation,Cnn,Laptop,4K,947,15.783333333333333,105.22222222222223,9,9,7.385666284841542,2.7777777777777777,Poor,59,Viral,50,99,100,Healthy,10,34,38
Animation,Cnn,Laptop,HD,1324,22.066666666666666,132.4,10,10,9.2,2.9,Poor,63,Viral,55,99,100,Healthy,10,37,43
Animation,Cnn,Laptop,SD,967,16.116666666666667,138.14285714285714,7,7,4.285714285714286,2.2857142857142856,Fair,56,High,38,99,100,Healthy,10,26,29
Animation,Cnn,Mobile App,4K,446,7.433333333333334,89.2,5,5,12.2,3.8,Poor,56,Low,27,99,96,Healthy,10,20,12
Animation,Cnn,Mobile App,HD,354,5.9,177.0,2,2,12.0,3.5,Poor,54,Low,11,99,96,Healthy,10,10,0
Animation,Cnn,Mobile App,SD,925,15.416666666666666,102.77777777777777,9,9,6.333333333333333,3.4444444444444446,Poor,62,Viral,50,99,96,Healthy,10,34,36
Animation,Cnn,Set-Top Box,4K,225,3.75,112.5,2,2,9.5,5.0,Poor,56,Low,11,99,99,Healthy,10,10,0
Animation,Cnn,Set-Top Box,HD,519,8.65,173.0,3,3,10.0,3.6666666666666665,Poor,59,Low,16,99,99,Healthy,10,13,1
Animation,Cnn,Set-Top Box,SD,536,8.933333333333334,134.0,4,4,10.25,2.75,Poor,52,Low,22,99,99,Healthy,10,17,11
Animation,Cnn,Smart Tv,4K,999,16.65,99.9,10,10,7.9,2.9,Poor,60,Viral,55,99,95,Healthy,10,37,43
Animation,Cnn,Smart Tv,HD,748,12.466666666666667,93.5,8,8,8.875,2.875,Poor,56,High,44,99,95,Healthy,10,30,32
Animation,Cnn,Smart Tv,SD,867,14.45,108.375,8,8,9.375,2.625,Poor,57,High,44,99,95,Healthy,10,30,33
Animation,Cnn,Tablet,4K,684,11.4,114.0,6,6,8.333333333333334,3.1666666666666665,Poor,57,Medium,33,99,96,Healthy,10,23,20
Animation,Cnn,Tablet,HD,529,8.816666666666666,88.16666666666667,6,6,7.666666666666667,3.0,Poor,53,Medium,33,99,96,Healthy,10,23,21
Animation,Cnn,Tablet,SD,396,6.6,79.2,5,5,9.2,3.0,Poor,50,Low,27,99,96,Healthy,10,20,15
Animation,Discovery Channel,Laptop,4K,927,15.45,154.5,6,6,10.666666666666666,3.0,Poor,60,Medium,33,99,100,Healthy,10,23,21
Animation,Discovery Channel,Laptop,HD,937,15.616666666666667,117.125,8,8,7.625,2.375,Poor,56,High,44,99,100,Healthy,10,30,34
Animation,Discovery Channel,Laptop,SD,1237,20.616666666666667,176.71428571428572,7,7,6.781570937653412,3.142857142857143,Poor,65,High,38,99,100,Healthy,10,26,26
Animation,Discovery Channel,Mobile App,4K,1218,20.3,135.33333333333334,9,9,8.777777777777779,2.7777777777777777,Poor,62,Viral,50,99,96,Healthy,10,34,38
Animation,Discovery Channel,Mobile App,HD,1054,17.566666666666666,117.11111111111111,9,9,7.444444444444445,3.0,Poor,61,Viral,50,99,96,Healthy,10,34,38
Animation,Discovery Channel,Mobile App,SD,478,7.966666666666667,119.5,4,4,7.5,3.75,Poor,57,Low,22,99,96,Healthy,10,17,7
Animation,Discovery Channel,Set-Top Box,4K,1119,18.65,159.85714285714286,7,7,5.9244280805105545,2.857142857142857,Poor,62,High,38,99,99,Healthy,10,26,27
Animation,Discovery Channel,Set-Top Box,HD,1704,28.4,170.4,10,10,6.647099656357388,3.1,Poor,69,Viral,55,99,99,Healthy,10,37,43
Animation,Discovery Channel,Set-Top Box,SD,1051,17.516666666666666,116.77777777777777,9,9,6.8301107292859875,2.111111111111111,Poor,56,Viral,50,99,99,Healthy,10,34,41
Animation,Discovery Channel,Smart Tv,4K,321,5.35,160.5,2,2,4.5,3.0,Fair,49,Low,11,99,95,At_Risk,10,10,0
Animation,Discovery Channel,Smart Tv,HD,1507,25.116666666666667,137.0,11,11,6.63109028428616,3.4545454545454546,Poor,68,Viral,61,99,95,Healthy,10,40,47
Animation,Discovery Channel,Smart Tv,SD,325,5.416666666666667,108.33333333333333,3,3,9.333333333333334,3.3333333333333335,Poor,50,Low,16,99,95,Healthy,10,13,3
Animation,Discovery Channel,Tablet,4K,1085,18.083333333333332,135.625,8,8,8.875,2.5,Poor,59,High,44,99,96,Healthy,10,30,34
Animation,Discovery Channel,Tablet,HD,1201,20.016666666666666,150.125,8,8,8.933874570446736,2.625,Poor,61,High,44,99,96,Healthy,10,30,33
Animation,Discovery Channel,Tablet,SD,1131,18.85,141.375,8,8,7.875,2.625,Poor,60,High,44,99,96,Healthy,10,30,33
Animation,Disney+,Laptop,4K,1091,18.183333333333334,121.22222222222223,9,9,9.444444444444445,3.2222222222222223,Poor,63,Viral,50,99,100,Healthy,10,34,37
Animation,Disney+,Laptop,HD,833,13.883333333333333,119.0,7,7,6.714285714285714,2.142857142857143,Poor,53,High,38,99,100,Healthy,10,26,30
Animation,Disney+,Laptop,SD,650,10.833333333333334,130.0,5,5,6.4,2.8,Poor,54,Low,27,99,100,Healthy,10,20,16
Animation,Disney+,Mobile App,4K,442,7.366666666666666,110.5,4,4,2.75,1.75,Fair,44,Low,22,99,96,At_Risk,10,17,15
Animation,Disney+,Mobile App,HD,481,8.016666666666667,120.25,4,4,9.5,3.75,Poor,57,Low,22,99,96,Healthy,10,17,7
Animation,Disney+,Mobile App,SD,309,5.15,77.25,4,4,8.5,3.5,Poor,51,Low,22,99,96,Healthy,10,17,8
Animation,Disney+,Set-Top Box,4K,1032,17.2,129.0,8,8,7.5,3.125,Poor,62,High,44,99,99,Healthy,10,30,31
Animation,Disney+,Set-Top Box,HD,498,8.3,99.6,5,5,3.8,3.2,Fair,54,Low,27,99,99,Healthy,10,20,14
Animation,Disney+,Set-Top Box,SD,686,11.433333333333334,137.2,5,5,5.894199312714777,2.2,Poor,52,Low,27,99,99,Healthy,10,20,18
Animation,Disney+,Smart Tv,4K,449,7.483333333333333,112.25,4,4,8.75,3.0,Poor,51,Low,22,99,95,Healthy,10,17,10
Animation,Disney+,Smart Tv,HD,577,9.616666666666667,144.25,4,4,7.617749140893471,1.75,Poor,47,Low,22,99,95,At_Risk,10,17,15
Animation,Disney+,Smart Tv,SD,758,12.633333333333333,151.6,5,5,10.6,4.2,Poor,65,Low,27,99,95,Healthy,10,20,10
Animation,Disney+,Tablet,4K,243,4.05,81.0,3,3,3.3333333333333335,4.333333333333333,Fair,53,Low,16,99,96,Healthy,10,13,0
Animation,Disney+,Tablet,HD,628,10.466666666666667,157.0,4,4,5.5,3.0,Poor,56,Low,22,99,96,Healthy,10,17,10
Animation,Disney+,Tablet,SD,1396,23.266666666666666,155.11111111111111,9,9,6.1634440626193205,3.2222222222222223,Poor,67,Viral,50,99,96,Healthy,10,34,37
Animation,Espn,Laptop,4K,778,12.966666666666667,111.14285714285714,7,7,8.21014236622484,2.4285714285714284,Poor,54,High,38,99,100,Healthy,10,26,29
Animation,Espn,Laptop,HD,235,3.9166666666666665,117.5,2,2,4.5,3.5,Fair,48,Low,11,99,100,At_Risk,10,10,0
Animation,Espn,Laptop,SD,741,12.35,92.625,8,8,8.875,3.125,Poor,58,High,44,99,100,Healthy,10,30,31
Animation,Espn,Mobile App,4K,1350,22.5,122.72727272727273,11,11,7.636363636363637,3.1818181818181817,Poor,65,Viral,61,99,96,Healthy,10,40,48
Animation,Espn,Mobile App,HD,527,8.783333333333333,105.4,5,5,7.2,3.0,Poor,53,Low,27,99,96,Healthy,10,20,15
Animation,Espn,Mobile App,SD,907,15.116666666666667,129.57142857142858,7,7,8.352999509081984,2.7142857142857144,Poor,58,High,38,99,96,Healthy,10,26,28
Animation,Espn,Set-Top Box,4K,1438,23.966666666666665,119.83333333333333,12,12,6.333333333333333,2.75,Poor,64,Viral,66,99,99,Healthy,10,43,55
Animation,Espn,Set-Top Box,HD,1616,26.933333333333334,179.55555555555554,9,9,9.222222222222221,3.4444444444444446,Poor,70,Viral,50,99,99,Healthy,10,34,36
Animation,Espn,Set-Top Box,SD,646,10.766666666666667,129.2,5,5,8.6,3.0,Poor,56,Low,27,99,99,Healthy,10,20,15
Animation,Espn,Smart Tv,HD,190,3.1666666666666665,190.0,1,1,0.0,5.0,Excellent,59,Low,5,99,95,Healthy,10,7,0
Animation,Espn,Smart Tv,SD,820,13.666666666666666,117.14285714285714,7,7,6.857142857142857,3.2857142857142856,Poor,60,High,38,99,95,Healthy,10,26,25
Animation,Espn,Tablet,4K,1503,25.05,150.3,10,10,8.3,2.8,Poor,65,Viral,55,99,96,Healthy,10,37,44
Animation,Espn,Tablet,HD,376,6.266666666666667,188.0,2,2,4.0,2.5,Fair,49,Low,11,99,96,At_Risk,10,10,1
Animation,Espn,Tablet,SD,1609,26.816666666666666,178.77777777777777,9,9,5.555555555555555,2.5555555555555554,Poor,65,Viral,50,99,96,Healthy,10,34,39
Animation,Fox News,Laptop,4K,641,10.683333333333334,106.83333333333333,6,6,7.5,3.0,Poor,55,Medium,33,99,100,Healthy,10,23,21
Animation,Fox News,Laptop,HD,998,16.633333333333333,142.57142857142858,7,7,8.428571428571429,2.4285714285714284,Poor,57,High,38,99,100,Healthy,10,26,29
Animation,Fox News,Laptop,SD,1895,31.583333333333332,157.91666666666666,12,12,9.416666666666666,2.5,Poor,66,Viral,66,99,100,Healthy,10,43,56
Animation,Fox News,Mobile App,4K,1342,22.366666666666667,167.75,8,8,8.0,3.25,Poor,67,High,44,99,96,Healthy,10,30,31
Animation,Fox News,Mobile App,HD,368,6.133333333333334,92.0,4,4,4.25,4.0,Fair,55,Low,22,99,96,Healthy,10,17,6
Animation,Fox News,Mobile App,SD,351,5.85,175.5,2,2,7.0,3.0,Poor,51,Low,11,99,96,Healthy,10,10,0
Animation,Fox News,Set-Top Box,4K,1005,16.75,125.625,8,8,4.375,2.75,Fair,59,High,44,99,99,Healthy,10,30,33
Animation,Fox News,Set-Top Box,HD,959,15.983333333333333,159.83333333333334,6,6,7.833333333333333,2.6666666666666665,Poor,59,Medium,33,99,99,Healthy,10,23,22
Animation,Fox News,Set-Top Box,SD,1407,23.45,140.7,10,10,6.4,2.8,Poor,64,Viral,55,99,99,Healthy,10,37,44
Animation,Fox News,Smart Tv,4K,1208,20.133333333333333,151.0,8,8,7.125,3.0,Poor,63,High,44,99,95,Healthy,10,30,32
Animation,Fox News,Smart Tv,HD,249,4.15,83.0,3,3,7.666666666666667,3.0,Poor,45,Low,16,99,95,At_Risk,10,13,4
Animation,Fox News,Smart Tv,SD,1079,17.983333333333334,154.14285714285714,7,7,8.924428080510555,3.2857142857142856,Poor,64,High,38,99,95,Healthy,10,26,25
Animation,Fox News,Tablet,4K,549,9.15,183.0,3,3,10.666666666666666,4.0,Poor,62,Low,16,99,96,Healthy,10,13,0
Animation,Fox News,Tablet,HD,253,4.216666666666667,126.5,2,2,7.0,3.5,Poor,49,Low,11,99,96,At_Risk,10,10,0
Animation,Fox News,Tablet,SD,540,9.0,90.0,6,6,7.333333333333333,4.166666666666667,Poor,60,Medium,33,99,96,Healthy,10,23,16
Animation,Hbo,Laptop,4K,1138,18.966666666666665,113.8,10,10,9.4,3.8,Poor,67,Viral,55,99,100,Healthy,10,37,40
Animation,Hbo,Laptop,HD,1011,16.85,144.42857142857142,7,7,9.210142366224842,2.4285714285714284,Poor,58,High,38,99,100,Healthy,10,26,29
Animation,Hbo,Laptop,SD,447,7.45,149.0,3,3,11.333333333333334,4.0,Poor,58,Low,16,99,100,Healthy,10,13,0
Animation,Hbo,Mobile App,4K,1284,21.4,116.72727272727273,11,11,8.0,3.3636363636363638,Poor,66,Viral,61,99,96,Healthy,10,40,47
Animation,Hbo,Mobile App,HD,721,12.016666666666667,144.2,5,5,6.494199312714777,4.0,Poor,63,Low,27,99,96,Healthy,10,20,11
Animation,Hbo,Mobile App,SD,604,10.066666666666666,151.0,4,4,6.5,4.0,Poor,61,Low,22,99,96,Healthy,10,17,6
Animation,Hbo,Set-Top Box,4K,1263,21.05,157.875,8,8,5.75,2.25,Poor,60,High,44,99,99,Healthy,10,30,35
Animation,Hbo,Set-Top Box,HD,1132,18.866666666666667,161.71428571428572,7,7,8.571428571428571,2.2857142857142856,Poor,59,High,38,99,99,Healthy,10,26,29
Animation,Hbo,Set-Top Box,SD,579,9.65,96.5,6,6,6.833333333333333,2.1666666666666665,Poor,49,Medium,33,99,99,At_Risk,10,23,24
Animation,Hbo,Smart Tv,4K,1923,32.05,120.1875,16,16,6.0,2.4375,Poor,65,Viral,88,99,95,Healthy,10,56,79
Animation,Hbo,Smart Tv,HD,861,14.35,107.625,8,8,5.0,2.5,Fair,56,High,44,99,95,Healthy,10,30,34
Animation,Hbo,Smart Tv,SD,1030,17.166666666666668,128.75,8,8,9.742749140893471,3.375,Poor,63,High,44,99,95,Healthy,10,30,30
Animation,Hbo,Tablet,4K,488,8.133333333333333,122.0,4,4,9.25,3.5,Poor,55,Low,22,99,96,Healthy,10,17,8
Animation,Hbo,Tablet,HD,809,13.483333333333333,115.57142857142857,7,7,9.428571428571429,2.7142857142857144,Poor,56,High,38,99,96,Healthy,10,26,28
Animation,Hbo,Tablet,SD,870,14.5,145.0,6,6,3.3333333333333335,3.3333333333333335,Fair,61,Medium,33,99,96,Healthy,10,23,19
Animation,Hgtv,Laptop,4K,198,3.3,198.0,1,1,9.0,4.0,Poor,54,Low,5,99,100,Healthy,10,7,0
Animation,Hgtv,Laptop,HD,604,10.066666666666666,120.8,5,5,7.494199312714777,3.6,Poor,58,Low,27,99,100,Healthy,10,20,13
Animation,Hgtv,Laptop,SD,553,9.216666666666667,110.6,5,5,11.6,3.6,Poor,57,Low,27,99,100,Healthy,10,20,13
Animation,Hgtv,Mobile App,4K,350,5.833333333333333,116.66666666666667,3,3,7.0,3.3333333333333335,Poor,51,Low,16,99,96,Healthy,10,13,3
Animation,Hgtv,Mobile App,HD,820,13.666666666666666,136.66666666666666,6,6,8.245166093928981,2.8333333333333335,Poor,57,Medium,33,99,96,Healthy,10,23,21
Animation,Hgtv,Mobile App,SD,668,11.133333333333333,95.42857142857143,7,7,7.714285714285714,3.142857142857143,Poor,57,High,38,99,96,Healthy,10,26,26
Animation,Hgtv,Set-Top Box,4K,293,4.883333333333334,97.66666666666667,3,3,6.333333333333333,1.3333333333333333,Poor,37,Low,16,99,99,At_Risk,10,13,11
Animation,Hgtv,Set-Top Box,HD,1234,20.566666666666666,123.4,10,10,10.6,3.3,Poor,65,Viral,55,99,99,Healthy,10,37,42
Animation,Hgtv,Set-Top Box,SD,566,9.433333333333334,113.2,5,5,3.4,3.8,Fair,59,Low,27,99,99,Healthy,10,20,12
Animation,Hgtv,Smart Tv,4K,1095,18.25,109.5,10,10,4.5,2.8,Fair,60,Viral,55,99,95,Healthy,10,37,44
Animation,Hgtv,Smart Tv,HD,716,11.933333333333334,119.33333333333333,6,6,7.833333333333333,2.6666666666666665,Poor,55,Medium,33,99,95,Healthy,10,23,22
Animation,Hgtv,Smart Tv,SD,821,13.683333333333334,136.83333333333334,6,6,8.245166093928981,3.5,Poor,61,Medium,33,99,95,Healthy,10,23,19
Animation,Hgtv,Tablet,4K,616,10.266666666666667,154.0,4,4,8.25,2.25,Poor,51,Low,22,99,96,Healthy,10,17,13
Animation,Hgtv,Tablet,HD,1058,17.633333333333333,132.25,8,8,11.875,3.0,Poor,61,High,44,99,96,Healthy,10,30,32
Animation,Hgtv,Tablet,SD,1362,22.7,113.5,12,12,9.911832760595647,3.8333333333333335,Poor,69,Viral,66,99,96,Healthy,10,43,51
Animation,Local Channel,Laptop,4K,993,16.55,90.27272727272727,11,11,8.1337269603249,3.272727272727273,Poor,62,Viral,61,99,100,Healthy,10,40,48
Animation,Local Channel,Laptop,HD,667,11.116666666666667,111.16666666666667,6,6,8.0,4.333333333333333,Poor,64,Medium,33,99,100,Healthy,10,23,15
Animation,Local Channel,Laptop,SD,2441,40.68333333333333,244.1,10,10,8.0,2.9,Poor,75,Viral,55,99,100,Excellent,10,37,43
Animation,Local Channel,Mobile App,4K,833,13.883333333333333,166.6,5,5,11.0,3.6,Poor,63,Low,27,99,96,Healthy,10,20,13
Animation,Local Channel,Mobile App,HD,811,13.516666666666667,135.16666666666666,6,6,10.166666666666666,2.8333333333333335,Poor,57,Medium,33,99,96,Healthy,10,23,21
Animation,Local Channel,Mobile App,SD,405,6.75,81.0,5,5,7.494199312714777,2.2,Poor,46,Low,27,99,96,At_Risk,10,20,18
Animation,Local Channel,Set-Top Box,4K,688,11.466666666666667,137.6,5,5,8.2,3.0,Poor,56,Low,27,99,99,Healthy,10,20,15
Animation,Local Channel,Set-Top Box,HD,882,14.7,126.0,7,7,7.0,3.4285714285714284,Poor,62,High,38,99,99,Healthy,10,26,25
Animation,Local Channel,Set-Top Box,SD,923,15.383333333333333,115.375,8,8,9.875,3.25,Poor,61,High,44,99,99,Healthy,10,30,31
Animation,Local Channel,Smart Tv,4K,403,6.716666666666667,134.33333333333334,3,3,8.666666666666666,2.3333333333333335,Poor,47,Low,16,99,95,At_Risk,10,13,7
Animation,Local Channel,Smart Tv,HD,459,7.65,114.75,4,4,7.0,2.25,Poor,47,Low,22,99,95,At_Risk,10,17,13
Animation,Local Channel,Smart Tv,SD,237,3.95,59.25,4,4,8.75,2.0,Poor,40,Low,22,99,95,At_Risk,10,17,14
Animation,Local Channel,Tablet,4K,330,5.5,66.0,5,5,10.8,3.6,Poor,52,Low,27,99,96,Healthy,10,20,13
Animation,Local Channel,Tablet,HD,1187,19.783333333333335,131.88888888888889,9,9,8.607888507063766,3.111111111111111,Poor,63,Viral,50,99,96,Healthy,10,34,37
Animation,Local Channel,Tablet,SD,1193,19.883333333333333,132.55555555555554,9,9,10.11111111111111,2.6666666666666665,Poor,61,Viral,50,99,96,Healthy,10,34,39
Animation,Nbc,Laptop,4K,277,4.616666666666666,138.5,2,2,4.0,2.0,Fair,41,Low,11,99,100,At_Risk,10,10,3
Animation,Nbc,Laptop,HD,951,15.85,118.875,8,8,7.5588745704467355,2.875,Poor,59,High,44,99,100,Healthy,10,30,32
Animation,Nbc,Laptop,SD,295,4.916666666666667,98.33333333333333,3,3,12.0,2.6666666666666665,Poor,45,Low,16,99,100,At_Risk,10,13,5
Animation,Nbc,Mobile App,4K,873,14.55,145.5,6,6,9.078499427262313,3.5,Poor,62,Medium,33,99,96,Healthy,10,23,19
Animation,Nbc,Mobile App,HD,1285,21.416666666666668,128.5,10,10,7.5,3.0,Poor,64,Viral,55,99,96,Healthy,10,37,43
Animation,Nbc,Mobile App,SD,319,5.316666666666666,106.33333333333333,3,3,4.333333333333333,2.6666666666666665,Fair,46,Low,16,99,96,At_Risk,10,13,5
Animation,Nbc,Set-Top Box,4K,762,12.7,108.85714285714286,7,7,5.0,3.7142857142857144,Fair,62,High,38,99,99,Healthy,10,26,24
Animation,Nbc,Set-Top Box,HD,669,11.15,95.57142857142857,7,7,4.714285714285714,2.5714285714285716,Fair,53,High,38,99,99,Healthy,10,26,28
Animation,Nbc,Set-Top Box,SD,1100,18.333333333333332,122.22222222222223,9,9,8.11111111111111,2.888888888888889,Poor,61,Viral,50,99,99,Healthy,10,34,38
Animation,Nbc,Smart Tv,4K,927,15.45,154.5,6,6,8.833333333333334,3.1666666666666665,Poor,61,Medium,33,99,95,Healthy,10,23,20
Animation,Nbc,Smart Tv,HD,324,5.4,162.0,2,2,4.0,3.5,Fair,53,Low,11,99,95,Healthy,10,10,0
Animation,Nbc,Smart Tv,SD,826,13.766666666666667,118.0,7,7,4.857142857142857,1.8571428571428572,Fair,51,High,38,99,95,Healthy,10,26,31
Animation,Nbc,Tablet,4K,976,16.266666666666666,122.0,8,8,7.375,2.625,Poor,58,High,44,99,96,Healthy,10,30,33
Animation,Nbc,Tablet,HD,985,16.416666666666668,98.5,10,10,10.0,3.0,Poor,60,Viral,55,99,96,Healthy,10,37,43
Animation,Nbc,Tablet,SD,660,11.0,165.0,4,4,6.25,2.0,Poor,51,Low,22,99,96,Healthy,10,17,14
Animation,Netflix,Laptop,4K,605,10.083333333333334,121.0,5,5,11.294199312714778,2.0,Poor,49,Low,27,99,100,At_Risk,10,20,19
Animation,Netflix,Laptop,HD,211,3.5166666666666666,70.33333333333333,3,3,9.666666666666666,2.6666666666666665,Poor,42,Low,16,99,100,At_Risk,10,13,5
Animation,Netflix,Laptop,SD,1029,17.15,128.625,8,8,8.125,3.75,Poor,65,High,44,99,100,Healthy,10,30,29
Animation,Netflix,Mobile App,4K,677,11.283333333333333,135.4,5,5,9.0,3.0,Poor,56,Low,27,99,96,Healthy,10,20,15
Animation,Netflix,Mobile App,HD,1334,22.233333333333334,148.22222222222223,9,9,7.666666666666667,2.5555555555555554,Poor,62,Viral,50,99,96,Healthy,10,34,39
Animation,Netflix,Mobile App,SD,1062,17.7,118.0,9,9,9.555555555555555,2.4444444444444446,Poor,58,Viral,50,99,96,Healthy,10,34,40
Animation,Netflix,Set-Top Box,4K,565,9.416666666666666,188.33333333333334,3,3,5.666666666666667,2.6666666666666665,Poor,54,Low,16,99,99,Healthy,10,13,5
Animation,Netflix,Set-Top Box,HD,872,14.533333333333333,109.0,8,8,6.3088745704467355,3.125,Poor,60,High,44,99,99,Healthy,10,30,31
Animation,Netflix,Set-Top Box,SD,1136,18.933333333333334,142.0,8,8,9.25,2.875,Poor,62,High,44,99,99,Healthy,10,30,32
Animation,Netflix,Smart Tv,4K,1051,17.516666666666666,116.77777777777777,9,9,4.333333333333333,2.6666666666666665,Fair,59,Viral,50,99,95,Healthy,10,34,39
Animation,Netflix,Smart Tv,HD,497,8.283333333333333,124.25,4,4,6.5,3.5,Poor,56,Low,22,99,95,Healthy,10,17,8
Animation,Netflix,Smart Tv,SD,662,11.033333333333333,82.75,8,8,10.25,3.125,Poor,57,High,44,99,95,Healthy,10,30,31
Animation,Netflix,Tablet,4K,1017,16.95,127.125,8,8,5.375,2.75,Poor,59,High,44,99,96,Healthy,10,30,33
Animation,Netflix,Tablet,HD,1738,28.966666666666665,133.69230769230768,13,13,6.230769230769231,3.6153846153846154,Poor,71,Viral,72,99,96,Healthy,10,47,57
Animation,Netflix,Tablet,SD,744,12.4,124.0,6,6,6.0,3.3333333333333335,Poor,59,Medium,33,99,96,Healthy,10,23,19
Animation,Showtime,Laptop,4K,1303,21.716666666666665,130.3,10,10,6.347099656357388,2.3,Poor,60,Viral,55,99,100,Healthy,10,37,46
Animation,Showtime,Laptop,HD,864,14.4,144.0,6,6,5.5,3.5,Poor,62,Medium,33,99,100,Healthy,10,23,19
Animation,Showtime,Laptop,SD,1145,19.083333333333332,143.125,8,8,3.625,2.25,Fair,58,High,44,99,100,Healthy,10,30,35
Animation,Showtime,Mobile App,4K,564,9.4,94.0,6,6,9.333333333333334,3.6666666666666665,Poor,58,Medium,33,99,96,Healthy,10,23,18
Animation,Showtime,Mobile App,HD,494,8.233333333333333,98.8,5,5,8.094199312714776,3.4,Poor,55,Low,27,99,96,Healthy,10,20,14
Animation,Showtime,Mobile App,SD,649,10.816666666666666,108.16666666666667,6,6,5.578499427262314,3.3333333333333335,Poor,57,Medium,33,99,96,Healthy,10,23,19
Animation,Showtime,Set-Top Box,4K,620,10.333333333333334,88.57142857142857,7,7,5.428571428571429,3.2857142857142856,Poor,57,High,38,99,99,Healthy,10,26,25
Animation,Showtime,Set-Top Box,HD,1220,20.333333333333332,152.5,8,8,4.0,2.625,Fair,61,High,44,99,99,Healthy,10,30,33
Animation,Showtime,Set-Top Box,SD,799,13.316666666666666,114.14285714285714,7,7,9.714285714285714,3.2857142857142856,Poor,60,High,38,99,99,Healthy,10,26,25
Animation,Showtime,Smart Tv,4K,417,6.95,83.4,5,5,13.2,2.6,Poor,48,Low,27,99,95,At_Risk,10,20,17
Animation,Showtime,Smart Tv,HD,943,15.716666666666667,134.71428571428572,7,7,9.571428571428571,2.2857142857142856,Poor,56,High,38,99,95,Healthy,10,26,29
Animation,Showtime,Smart Tv,SD,856,14.266666666666667,142.66666666666666,6,6,9.245166093928981,3.3333333333333335,Poor,61,Medium,33,99,95,Healthy,10,23,19
Animation,Showtime,Tablet,4K,1133,18.883333333333333,125.88888888888889,9,9,6.0,3.5555555555555554,Poor,65,Viral,50,99,96,Healthy,10,34,35
Animation,Showtime,Tablet,HD,819,13.65,117.0,7,7,4.714285714285714,3.2857142857142856,Fair,60,High,38,99,96,Healthy,10,26,25
Animation,Showtime,Tablet,SD,794,13.233333333333333,132.33333333333334,6,6,7.833333333333333,3.1666666666666665,Poor,59,Medium,33,99,96,Healthy,10,23,20
Comedy,Abc,Laptop,4K,878,14.633333333333333,146.33333333333334,6,6,6.74516609392898,4.333333333333333,Poor,67,Medium,33,98,100,Healthy,10,23,15
Comedy,Abc,Laptop,HD,485,8.083333333333334,161.66666666666666,3,3,9.333333333333334,3.0,Poor,53,Low,16,98,100,Healthy,10,13,4
Comedy,Abc,Laptop,SD,754,12.566666666666666,125.66666666666667,6,6,8.666666666666666,2.6666666666666665,Poor,55,Medium,33,98,100,Healthy,10,23,22
Comedy,Abc,Mobile App,4K,924,15.4,115.5,8,8,6.375,3.5,Poor,63,High,44,98,96,Healthy,10,30,30
Comedy,Abc,Mobile App,HD,978,16.3,122.25,8,8,8.875,2.75,Poor,59,High,44,98,96,Healthy,10,30,33
Comedy,Abc,Mobile App,SD,696,11.6,139.2,5,5,7.0,2.6,Poor,54,Low,27,98,96,Healthy,10,20,17
Comedy,Abc,Set-Top Box,4K,83,1.3833333333333333,27.666666666666668,3,3,5.333333333333333,3.6666666666666665,Poor,43,Low,16,98,99,At_Risk,10,13,1
Comedy,Abc,Set-Top Box,HD,1078,17.966666666666665,179.66666666666666,6,6,7.990332187857962,3.1666666666666665,Poor,64,Medium,33,98,99,Healthy,10,23,20
Comedy,Abc,Set-Top Box,SD,914,15.233333333333333,130.57142857142858,7,7,5.571428571428571,2.2857142857142856,Poor,55,High,38,98,99,Healthy,10,26,29
Comedy,Abc,Smart Tv,4K,365,6.083333333333333,73.0,5,5,5.0,3.2,Fair,51,Low,27,98,95,Healthy,10,20,14
Comedy,Abc,Smart Tv,HD,1304,21.733333333333334,186.28571428571428,7,7,8.067285223367698,3.0,Poor,65,High,38,98,95,Healthy,10,26,26
Comedy,Abc,Smart Tv,SD,661,11.016666666666667,132.2,5,5,9.694199312714776,2.0,Poor,50,Low,27,98,95,Healthy,10,20,19
Comedy,Abc,Tablet,4K,744,12.4,124.0,6,6,9.0,3.5,Poor,60,Medium,33,98,96,Healthy,10,23,19
Comedy,Abc,Tablet,HD,656,10.933333333333334,93.71428571428571,7,7,7.571428571428571,2.4285714285714284,Poor,52,High,38,98,96,Healthy,10,26,29
Comedy,Abc,Tablet,SD,853,14.216666666666667,170.6,5,5,6.0,4.0,Poor,66,Low,27,98,96,Healthy,10,20,11
Comedy,Amc,Laptop,4K,1340,22.333333333333332,134.0,10,10,5.9,3.1,Poor,65,Viral,55,98,100,Healthy,10,37,43
Comedy,Amc,Laptop,HD,1120,18.666666666666668,124.44444444444444,9,9,8.222222222222221,2.888888888888889,Poor,61,Viral,50,98,100,Healthy,10,34,38
Comedy,Amc,Laptop,SD,1048,17.466666666666665,149.71428571428572,7,7,10.142857142857142,3.2857142857142856,Poor,63,High,38,98,100,Healthy,10,26,25
Comedy,Amc,Mobile App,4K,363,6.05,121.0,3,3,6.333333333333333,2.3333333333333335,Poor,45,Low,16,98,96,At_Risk,10,13,7
Comedy,Amc,Mobile App,HD,997,16.616666666666667,110.77777777777777,9,9,4.777777777777778,3.0,Fair,61,Viral,50,98,96,Healthy,10,34,38
Comedy,Amc,Mobile App,SD,524,8.733333333333333,131.0,4,4,12.5,3.5,Poor,56,Low,22,98,96,Healthy,10,17,8
Comedy,Amc,Set-Top Box,4K,966,16.1,87.81818181818181,11,11,6.7272727272727275,3.4545454545454546,Poor,63,Viral,61,98,99,Healthy,10,40,47
Comedy,Amc,Set-Top Box,HD,549,9.15,183.0,3,3,5.666666666666667,3.3333333333333335,Poor,58,Low,16,98,99,Healthy,10,13,3
Comedy,Amc,Set-Top Box,SD,529,8.816666666666666,105.8,5,5,10.894199312714777,2.2,Poor,48,Low,27,98,99,At_Risk,10,20,18
Comedy,Amc,Smart Tv,4K,403,6.716666666666667,100.75,4,4,8.0,2.25,Poor,46,Low,22,98,95,At_Risk,10,17,13
Comedy,Amc,Smart Tv,HD,1613,26.883333333333333,146.63636363636363,11,11,7.133726960324899,3.0,Poor,67,Viral,61,98,95,Healthy,10,40,49
Comedy,Amc,Smart Tv,SD,687,11.45,137.4,5,5,7.0,2.8,Poor,55,Low,27,98,95,Healthy,10,20,16
Comedy,Amc,Tablet,4K,668,11.133333333333333,95.42857142857143,7,7,6.781570937653412,2.5714285714285716,Poor,53,High,38,98,96,Healthy,10,26,28
Comedy,Amc,Tablet,HD,670,11.166666666666666,83.75,8,8,7.875,3.0,Poor,56,High,44,98,96,Healthy,10,30,32
Comedy,Amc,Tablet,SD,988,16.466666666666665,164.66666666666666,6,6,9.166666666666666,3.5,Poor,64,Medium,33,98,96,Healthy,10,23,19
Comedy,Cbs,Laptop,4K,1417,23.616666666666667,157.44444444444446,9,9,6.0,3.5555555555555554,Poor,69,Viral,50,98,100,Healthy,10,34,35
Comedy,Cbs,Laptop,HD,694,11.566666666666666,99.14285714285714,7,7,7.9244280805105545,3.7142857142857144,Poor,61,High,38,98,100,Healthy,10,26,24
Comedy,Cbs,Laptop,SD,876,14.6,109.5,8,8,9.683874570446736,3.75,Poor,63,High,44,98,100,Healthy,10,30,29
Comedy,Cbs,Mobile App,4K,911,15.183333333333334,113.875,8,8,7.5,3.25,Poor,61,High,44,98,96,Healthy,10,30,31
Comedy,Cbs,Mobile App,HD,1380,23.0,172.5,8,8,8.75,2.75,Poor,64,High,44,98,96,Healthy,10,30,33
Comedy,Cbs,Mobile App,SD,1081,18.016666666666666,135.125,8,8,4.4338745704467355,3.125,Fair,62,High,44,98,96,Healthy,10,30,31
Comedy,Cbs,Set-Top Box,4K,556,9.266666666666667,111.2,5,5,6.0,2.8,Poor,52,Low,27,98,99,Healthy,10,20,16
Comedy,Cbs,Set-Top Box,HD,741,12.35,123.5,6,6,8.666666666666666,3.6666666666666665,Poor,61,Medium,33,98,99,Healthy,10,23,18
Comedy,Cbs,Set-Top Box,SD,987,16.45,123.375,8,8,9.683874570446735,3.125,Poor,61,High,44,98,99,Healthy,10,30,31
Comedy,Cbs,Smart Tv,4K,905,15.083333333333334,100.55555555555556,9,9,6.777777777777778,2.4444444444444446,Poor,56,Viral,50,98,95,Healthy,10,34,40
Comedy,Cbs,Smart Tv,HD,266,4.433333333333334,88.66666666666667,3,3,6.0,3.0,Poor,46,Low,16,98,95,At_Risk,10,13,4
Comedy,Cbs,Smart Tv,SD,908,15.133333333333333,129.71428571428572,7,7,10.285714285714286,2.7142857142857144,Poor,58,High,38,98,95,Healthy,10,26,28
Comedy,Cbs,Tablet,4K,638,10.633333333333333,91.14285714285714,7,7,9.428571428571429,3.142857142857143,Poor,56,High,38,98,96,Healthy,10,26,26
Comedy,Cbs,Tablet,HD,689,11.483333333333333,137.8,5,5,10.6,3.8,Poor,61,Low,27,98,96,Healthy,10,20,12
Comedy,Cbs,Tablet,SD,39,0.65,19.5,2,2,7.5,2.5,Poor,31,Low,11,98,96,At_Risk,10,10,1
Comedy,Cnn,Laptop,4K,159,2.65,79.5,2,2,7.0,2.0,Poor,35,Low,11,98,100,At_Risk,10,10,3
Comedy,Cnn,Laptop,HD,389,6.483333333333333,97.25,4,4,2.5,3.5,Fair,53,Low,22,98,100,Healthy,10,17,8
Comedy,Cnn,Laptop,SD,1215,20.25,135.0,9,9,6.1634440626193205,2.888888888888889,Poor,62,Viral,50,98,100,Healthy,10,34,38
Comedy,Cnn,Mobile App,4K,1077,17.95,119.66666666666667,9,9,5.444444444444445,2.4444444444444446,Poor,58,Viral,50,98,96,Healthy,10,34,40
Comedy,Cnn,Mobile App,HD,872,14.533333333333333,145.33333333333334,6,6,6.5,3.0,Poor,59,Medium,33,98,96,Healthy,10,23,21
Comedy,Cnn,Mobile App,SD,394,6.566666666666666,78.8,5,5,6.6,3.4,Poor,53,Low,27,98,96,Healthy,10,20,14
Comedy,Cnn,Set-Top Box,4K,1369,22.816666666666666,136.9,10,10,6.5,2.9,Poor,64,Viral,55,98,99,Healthy,10,37,43
Comedy,Cnn,Set-Top Box,HD,674,11.233333333333333,112.33333333333333,6,6,5.333333333333333,3.1666666666666665,Poor,57,Medium,33,98,99,Healthy,10,23,20
Comedy,Cnn,Set-Top Box,SD,1422,23.7,118.5,12,12,9.583333333333334,3.25,Poor,66,Viral,66,98,99,Healthy,10,43,53
Comedy,Cnn,Smart Tv,4K,1243,20.716666666666665,155.375,8,8,5.5,3.875,Poor,69,High,44,98,95,Healthy,10,30,28
Comedy,Cnn,Smart Tv,HD,1684,28.066666666666666,140.33333333333334,12,12,9.0,3.3333333333333335,Poor,69,Viral,66,98,95,Healthy,10,43,53
Comedy,Cnn,Smart Tv,SD,472,7.866666666666666,94.4,5,5,8.0,3.0,Poor,52,Low,27,98,95,Healthy,10,20,15
Comedy,Cnn,Tablet,4K,709,11.816666666666666,101.28571428571429,7,7,8.857142857142858,2.142857142857143,Poor,51,High,38,98,96,Healthy,10,26,30
Comedy,Cnn,Tablet,HD,1178,19.633333333333333,130.88888888888889,9,9,7.444444444444445,3.5555555555555554,Poor,66,Viral,50,98,96,Healthy,10,34,35
Comedy,Cnn,Tablet,SD,432,7.2,108.0,4,4,6.5,4.5,Poor,60,Low,22,98,96,Healthy,10,17,4
Comedy,Discovery Channel,Laptop,4K,492,8.2,123.0,4,4,7.0,3.0,Poor,52,Low,22,98,100,Healthy,10,17,10
Comedy,Discovery Channel,Laptop,HD,754,12.566666666666666,150.8,5,5,9.0,3.0,Poor,58,Low,27,98,100,Healthy,10,20,15
Comedy,Discovery Channel,Laptop,SD,643,10.716666666666667,128.6,5,5,4.0,2.8,Fair,54,Low,27,98,100,Healthy,10,20,16
Comedy,Discovery Channel,Mobile App,4K,658,10.966666666666667,109.66666666666667,6,6,8.578499427262313,3.0,Poor,56,Medium,33,98,96,Healthy,10,23,21
Comedy,Discovery Channel,Mobile App,HD,1201,20.016666666666666,133.44444444444446,9,9,8.444444444444445,3.2222222222222223,Poor,64,Viral,50,98,96,Healthy,10,34,37
Comedy,Discovery Channel,Mobile App,SD,121,2.0166666666666666,60.5,2,2,11.5,2.5,Poor,36,Low,11,98,96,At_Risk,10,10,1
Comedy,Discovery Channel,Set-Top Box,4K,529,8.816666666666666,176.33333333333334,3,3,2.3333333333333335,3.3333333333333335,Fair,57,Low,16,98,99,Healthy,10,13,3
Comedy,Discovery Channel,Set-Top Box,HD,745,12.416666666666666,149.0,5,5,6.4,2.2,Poor,53,Low,27,98,99,Healthy,10,20,18
Comedy,Discovery Channel,Set-Top Box,SD,401,6.683333333333334,80.2,5,5,10.8,2.6,Poor,48,Low,27,98,99,At_Risk,10,20,17
Comedy,Discovery Channel,Smart Tv,4K,1353,22.55,135.3,10,10,10.0,2.5,Poor,61,Viral,55,98,95,Healthy,10,37,45
Comedy,Discovery Channel,Smart Tv,HD,1025,17.083333333333332,128.125,8,8,6.75,3.5,Poor,64,High,44,98,95,Healthy,10,30,30
Comedy,Discovery Channel,Smart Tv,SD,781,13.016666666666667,195.25,4,4,9.117749140893471,3.0,Poor,60,Low,22,98,95,Healthy,10,17,10
Comedy,Discovery Channel,Tablet,4K,465,7.75,116.25,4,4,7.235498281786942,3.0,Poor,52,Low,22,98,96,Healthy,10,17,10
Comedy,Discovery Channel,Tablet,HD,585,9.75,97.5,6,6,7.666666666666667,2.8333333333333335,Poor,53,Medium,33,98,96,Healthy,10,23,21
Comedy,Discovery Channel,Tablet,SD,785,13.083333333333334,112.14285714285714,7,7,7.571428571428571,2.7142857142857144,Poor,56,High,38,98,96,Healthy,10,26,28
Comedy,Disney+,Laptop,4K,710,11.833333333333334,88.75,8,8,7.375,2.875,Poor,56,High,44,98,100,Healthy,10,30,32
Comedy,Disney+,Laptop,HD,765,12.75,109.28571428571429,7,7,5.571428571428571,2.5714285714285716,Poor,55,High,38,98,100,Healthy,10,26,28
Comedy,Disney+,Laptop,SD,815,13.583333333333334,116.42857142857143,7,7,8.0,2.5714285714285716,Poor,55,High,38,98,100,Healthy,10,26,28
Comedy,Disney+,Mobile App,4K,1029,17.15,102.9,10,10,7.7,3.1,Poor,62,Viral,55,98,96,Healthy,10,37,43
Comedy,Disney+,Mobile App,HD,595,9.916666666666666,99.16666666666667,6,6,9.5,2.8333333333333335,Poor,53,Medium,33,98,96,Healthy,10,23,21
Comedy,Disney+,Mobile App,SD,1013,16.883333333333333,144.71428571428572,7,7,6.142857142857143,4.142857142857143,Poor,68,High,38,98,96,Healthy,10,26,22
Comedy,Disney+,Set-Top Box,4K,469,7.816666666666666,78.16666666666667,6,6,5.666666666666667,3.5,Poor,55,Medium,33,98,99,Healthy,10,23,19
Comedy,Disney+,Set-Top Box,HD,573,9.55,143.25,4,4,7.5,2.5,Poor,52,Low,22,98,99,Healthy,10,17,12
Comedy,Disney+,Set-Top Box,SD,1545,25.75,171.66666666666666,9,9,5.888888888888889,3.0,Poor,67,Viral,50,98,99,Healthy,10,34,38
Comedy,Disney+,Smart Tv,4K,102,1.7,102.0,1,1,7.470996563573883,2.0,Poor,32,Low,5,98,95,At_Risk,10,7,0
Comedy,Disney+,Smart Tv,HD,1628,27.133333333333333,180.88888888888889,9,9,9.555555555555555,3.0,Poor,68,Viral,50,98,95,Healthy,10,34,38
Comedy,Disney+,Smart Tv,SD,499,8.316666666666666,99.8,5,5,9.8,3.8,Poor,57,Low,27,98,95,Healthy,10,20,12
Comedy,Disney+,Tablet,4K,962,16.033333333333335,137.42857142857142,7,7,9.714285714285714,2.857142857142857,Poor,59,High,38,98,96,Healthy,10,26,27
Comedy,Disney+,Tablet,HD,748,12.466666666666667,106.85714285714286,7,7,7.285714285714286,3.0,Poor,57,High,38,98,96,Healthy,10,26,26
Comedy,Disney+,Tablet,SD,1050,17.5,131.25,8,8,6.0588745704467355,3.125,Poor,62,High,44,98,96,Healthy,10,30,31
Comedy,Espn,Laptop,4K,1010,16.833333333333332,144.28571428571428,7,7,7.857142857142857,3.2857142857142856,Poor,63,High,38,98,100,Healthy,10,26,25
Comedy,Espn,Laptop,HD,653,10.883333333333333,108.83333333333333,6,6,9.5,2.8333333333333335,Poor,54,Medium,33,98,100,Healthy,10,23,21
Comedy,Espn,Laptop,SD,479,7.983333333333333,119.75,4,4,9.25,2.5,Poor,49,Low,22,98,100,At_Risk,10,17,12
Comedy,Espn,Mobile App,4K,118,1.9666666666666666,59.0,2,2,6.5,2.0,Poor,33,Low,11,98,96,At_Risk,10,10,3
Comedy,Espn,Mobile App,HD,77,1.2833333333333334,38.5,2,2,10.0,3.0,Poor,36,Low,11,98,96,At_Risk,10,10,0
Comedy,Espn,Mobile App,SD,1293,21.55,161.625,8,8,6.875,2.25,Poor,60,High,44,98,96,Healthy,10,30,35
Comedy,Espn,Set-Top Box,4K,1139,18.983333333333334,126.55555555555556,9,9,8.222222222222221,3.3333333333333335,Poor,64,Viral,50,98,99,Healthy,10,34,36
Comedy,Espn,Set-Top Box,HD,1236,20.6,154.5,8,8,6.5,3.25,Poor,65,High,44,98,99,Healthy,10,30,31
Comedy,Espn,Set-Top Box,SD,1061,17.683333333333334,132.625,8,8,6.1838745704467355,3.0,Poor,61,High,44,98,99,Healthy,10,30,32
Comedy,Espn,Smart Tv,4K,726,12.1,103.71428571428571,7,7,6.0,2.142857142857143,Poor,52,High,38,98,95,Healthy,10,26,30
Comedy,Espn,Smart Tv,HD,656,10.933333333333334,164.0,4,4,6.5,3.0,Poor,57,Low,22,98,95,Healthy,10,17,10
Comedy,Espn,Smart Tv,SD,663,11.05,94.71428571428571,7,7,7.142857142857143,3.0,Poor,56,High,38,98,95,Healthy,10,26,26
Comedy,Espn,Tablet,4K,515,8.583333333333334,103.0,5,5,4.0,3.0,Fair,53,Low,27,98,96,Healthy,10,20,15
Comedy,Espn,Tablet,HD,520,8.666666666666666,130.0,4,4,11.25,3.75,Poor,58,Low,22,98,96,Healthy,10,17,7
Comedy,Espn,Tablet,SD,337,5.616666666666666,67.4,5,5,9.4,2.6,Poor,47,Low,27,98,96,At_Risk,10,20,17
Comedy,Fox News,Laptop,4K,99,1.65,99.0,1,1,7.0,2.0,Poor,31,Low,5,98,100,At_Risk,10,7,0
Comedy,Fox News,Laptop,HD,998,16.633333333333333,166.33333333333334,6,6,3.3333333333333335,2.1666666666666665,Fair,57,Medium,33,98,100,Healthy,10,23,24
Comedy,Fox News,Laptop,SD,1343,22.383333333333333,167.875,8,8,10.625,3.125,Poor,66,High,44,98,100,Healthy,10,30,31
Comedy,Fox News,Mobile App,4K,549,9.15,109.8,5,5,4.2,3.2,Fair,55,Low,27,98,96,Healthy,10,20,14
Comedy,Fox News,Mobile App,HD,346,5.766666666666667,86.5,4,4,5.5,2.5,Poor,46,Low,22,98,96,At_Risk,10,17,12
Comedy,Fox News,Mobile App,SD,1004,16.733333333333334,125.5,8,8,9.5,2.875,Poor,60,High,44,98,96,Healthy,10,30,32
Comedy,Fox News,Set-Top Box,4K,1141,19.016666666666666,142.625,8,8,6.625,3.25,Poor,64,High,44,98,99,Healthy,10,30,31
Comedy,Fox News,Set-Top Box,HD,779,12.983333333333333,129.83333333333334,6,6,8.5,3.8333333333333335,Poor,63,Medium,33,98,99,Healthy,10,23,17
Comedy,Fox News,Set-Top Box,SD,860,14.333333333333334,122.85714285714286,7,7,7.9244280805105545,3.142857142857143,Poor,60,High,38,98,99,Healthy,10,26,26
Comedy,Fox News,Smart Tv,4K,186,3.1,62.0,3,3,8.333333333333334,3.0,Poor,43,Low,16,98,95,At_Risk,10,13,4
Comedy,Fox News,Smart Tv,HD,1704,28.4,121.71428571428571,14,14,6.642857142857143,3.2857142857142856,Poor,69,Viral,77,98,95,Healthy,10,50,64
Comedy,Fox News,Smart Tv,SD,552,9.2,138.0,4,4,10.5,2.25,Poor,49,Low,22,98,95,At_Risk,10,17,13
Comedy,Fox News,Tablet,4K,814,13.566666666666666,203.5,4,4,9.0,3.25,Poor,62,Low,22,98,96,Healthy,10,17,9
Comedy,Fox News,Tablet,HD,1302,21.7,217.0,6,6,11.166666666666666,3.5,Poor,70,Medium,33,98,96,Healthy,10,23,19
Comedy,Fox News,Tablet,SD,890,14.833333333333334,178.0,5,5,6.8,3.6,Poor,64,Low,27,98,96,Healthy,10,20,13
Comedy,Hbo,Laptop,4K,924,15.4,115.5,8,8,9.125,3.0,Poor,60,High,44,98,100,Healthy,10,30,32
Comedy,Hbo,Laptop,HD,377,6.283333333333333,75.4,5,5,6.2,4.2,Poor,57,Low,27,98,100,Healthy,10,20,10
Comedy,Hbo,Laptop,SD,635,10.583333333333334,127.0,5,5,4.8,2.8,Fair,54,Low,27,98,100,Healthy,10,20,16
Comedy,Hbo,Mobile App,4K,1052,17.533333333333335,131.5,8,8,9.183874570446736,3.125,Poor,62,High,44,98,96,Healthy,10,30,31
Comedy,Hbo,Mobile App,HD,717,11.95,179.25,4,4,4.75,2.25,Fair,54,Low,22,98,96,Healthy,10,17,13
Comedy,Hbo,Mobile App,SD,338,5.633333333333334,84.5,4,4,7.0,2.0,Poor,42,Low,22,98,96,At_Risk,10,17,14
Comedy,Hbo,Set-Top Box,4K,1440,24.0,130.9090909090909,11,11,7.545454545454546,2.909090909090909,Poor,65,Viral,61,98,99,Healthy,10,40,49
Comedy,Hbo,Set-Top Box,HD,664,11.066666666666666,94.85714285714286,7,7,5.0,2.7142857142857144,Fair,54,High,38,98,99,Healthy,10,26,28
Comedy,Hbo,Set-Top Box,SD,606,10.1,151.5,4,4,9.25,3.25,Poor,57,Low,22,98,99,Healthy,10,17,9
Comedy,Hbo,Smart Tv,4K,53,0.8833333333333333,53.0,1,1,15.0,1.0,Poor,21,Low,5,98,95,Critical,10,7,1
Comedy,Hbo,Smart Tv,HD,957,15.95,159.5,6,6,12.0,3.8333333333333335,Poor,66,Medium,33,98,95,Healthy,10,23,17
Comedy,Hbo,Smart Tv,SD,210,3.5,105.0,2,2,8.0,3.0,Poor,44,Low,11,98,95,At_Risk,10,10,0
Comedy,Hbo,Tablet,4K,1665,27.75,151.36363636363637,11,11,7.133726960324899,3.5454545454545454,Poor,71,Viral,61,98,96,Healthy,10,40,46
Comedy,Hbo,Tablet,HD,554,9.233333333333333,69.25,8,8,8.375,3.0,Poor,55,High,44,98,96,Healthy,10,30,32
Comedy,Hbo,Tablet,SD,1299,21.65,162.375,8,8,6.75,2.125,Poor,59,High,44,98,96,Healthy,10,30,35
Comedy,Hgtv,Laptop,4K,167,2.783333333333333,83.5,2,2,10.5,3.0,Poor,41,Low,11,98,100,At_Risk,10,10,0
Comedy,Hgtv,Laptop,HD,508,8.466666666666667,169.33333333333334,3,3,6.666666666666667,3.3333333333333335,Poor,56,Low,16,98,100,Healthy,10,13,3
Comedy,Hgtv,Laptop,SD,830,13.833333333333334,118.57142857142857,7,7,6.428571428571429,2.4285714285714284,Poor,55,High,38,98,100,Healthy,10,26,29
Comedy,Hgtv,Mobile App,4K,1164,19.4,129.33333333333334,9,9,9.0,3.5555555555555554,Poor,66,Viral,50,98,96,Healthy,10,34,35
Comedy,Hgtv,Mobile App,HD,1277,21.283333333333335,116.0909090909091,11,11,7.133726960324899,3.3636363636363638,Poor,66,Viral,61,98,96,Healthy,10,40,47
Comedy,Hgtv,Mobile App,SD,961,16.016666666666666,120.125,8,8,5.25,2.75,Poor,59,High,44,98,96,Healthy,10,30,33
Comedy,Hgtv,Set-Top Box,4K,869,14.483333333333333,124.14285714285714,7,7,7.142857142857143,3.0,Poor,59,High,38,98,99,Healthy,10,26,26
Comedy,Hgtv,Set-Top Box,HD,623,10.383333333333333,155.75,4,4,10.0,3.25,Poor,57,Low,22,98,99,Healthy,10,17,9
Comedy,Hgtv,Set-Top Box,SD,585,9.75,117.0,5,5,6.8,3.2,Poor,55,Low,27,98,99,Healthy,10,20,14
Comedy,Hgtv,Smart Tv,4K,720,12.0,102.85714285714286,7,7,10.0,3.4285714285714284,Poor,59,High,38,98,95,Healthy,10,26,25
Comedy,Hgtv,Smart Tv,HD,713,11.883333333333333,101.85714285714286,7,7,4.714285714285714,2.7142857142857144,Fair,55,High,38,98,95,Healthy,10,26,28
Comedy,Hgtv,Smart Tv,SD,625,10.416666666666666,125.0,5,5,10.6,2.6,Poor,53,Low,27,98,95,Healthy,10,20,17
Comedy,Hgtv,Tablet,4K,1610,26.833333333333332,134.16666666666666,12,12,7.666666666666667,3.1666666666666665,Poor,68,Viral,66,98,96,Healthy,10,43,53
Comedy,Hgtv,Tablet,HD,999,16.65,166.5,6,6,7.0,2.5,Poor,59,Medium,33,98,96,Healthy,10,23,23
Comedy,Hgtv,Tablet,SD,844,14.066666666666666,120.57142857142857,7,7,8.285714285714286,2.4285714285714284,Poor,55,High,38,98,96,Healthy,10,26,29
Comedy,Local Channel,Laptop,4K,255,4.25,85.0,3,3,10.0,3.0,Poor,45,Low,16,98,100,At_Risk,10,13,4
Comedy,Local Channel,Laptop,HD,629,10.483333333333333,209.66666666666666,3,3,2.3333333333333335,1.6666666666666667,Fair,51,Low,16,98,100,Healthy,10,13,9
Comedy,Local Channel,Laptop,SD,742,12.366666666666667,106.0,7,7,6.142857142857143,1.8571428571428572,Poor,50,High,38,98,100,Healthy,10,26,31
Comedy,Local Channel,Mobile App,4K,601,10.016666666666667,120.2,5,5,8.8,3.0,Poor,55,Low,27,98,96,Healthy,10,20,15
Comedy,Local Channel,Mobile App,HD,448,7.466666666666667,149.33333333333334,3,3,6.333333333333333,3.0,Poor,52,Low,16,98,96,Healthy,10,13,4
Comedy,Local Channel,Mobile App,SD,895,14.916666666666666,127.85714285714286,7,7,8.495856651939127,3.4285714285714284,Poor,62,High,38,98,96,Healthy,10,26,25
Comedy,Local Channel,Set-Top Box,4K,787,13.116666666666667,262.3333333333333,3,3,8.333333333333334,3.0,Poor,64,Low,16,98,99,Healthy,10,13,4
Comedy,Local Channel,Set-Top Box,HD,1500,25.0,125.0,12,12,7.416666666666667,2.8333333333333335,Poor,65,Viral,66,98,99,Healthy,10,43,55
Comedy,Local Channel,Set-Top Box,SD,705,11.75,100.71428571428571,7,7,8.0,3.5714285714285716,Poor,60,High,38,98,99,Healthy,10,26,24
Comedy,Local Channel,Smart Tv,4K,404,6.733333333333333,67.33333333333333,6,6,8.5,3.0,Poor,51,Medium,33,98,95,Healthy,10,23,21
Comedy,Local Channel,Smart Tv,HD,474,7.9,118.5,4,4,3.5,3.25,Fair,53,Low,22,98,95,Healthy,10,17,9
Comedy,Local Channel,Smart Tv,SD,943,15.716666666666667,134.71428571428572,7,7,7.352999509081983,3.4285714285714284,Poor,63,High,38,98,95,Healthy,10,26,25
Comedy,Local Channel,Tablet,HD,1107,18.45,138.375,8,8,5.875,2.875,Poor,61,High,44,98,96,Healthy,10,30,32
Comedy,Local Channel,Tablet,SD,532,8.866666666666667,177.33333333333334,3,3,12.666666666666666,3.0,Poor,55,Low,16,98,96,Healthy,10,13,4
Comedy,Nbc,Laptop,4K,1099,18.316666666666666,109.9,10,10,7.8,3.2,Poor,63,Viral,55,98,100,Healthy,10,37,42
Comedy,Nbc,Laptop,HD,538,8.966666666666667,134.5,4,4,7.0,3.25,Poor,55,Low,22,98,100,Healthy,10,17,9
Comedy,Nbc,Laptop,SD,951,15.85,158.5,6,6,8.411832760595647,3.1666666666666665,Poor,62,Medium,33,98,100,Healthy,10,23,20
Comedy,Nbc,Mobile App,4K,668,11.133333333333333,95.42857142857143,7,7,8.0,3.2857142857142856,Poor,58,High,38,98,96,Healthy,10,26,25
Comedy,Nbc,Mobile App,HD,523,8.716666666666667,130.75,4,4,9.5,3.25,Poor,55,Low,22,98,96,Healthy,10,17,9
Comedy,Nbc,Mobile App,SD,773,12.883333333333333,110.42857142857143,7,7,8.714285714285714,2.4285714285714284,Poor,54,High,38,98,96,Healthy,10,26,29
Comedy,Nbc,Set-Top Box,4K,385,6.416666666666667,128.33333333333334,3,3,11.666666666666666,2.3333333333333335,Poor,46,Low,16,98,99,At_Risk,10,13,7
Comedy,Nbc,Set-Top Box,HD,450,7.5,90.0,5,5,7.6,3.6,Poor,55,Low,27,98,99,Healthy,10,20,13
Comedy,Nbc,Set-Top Box,SD,1148,19.133333333333333,127.55555555555556,9,9,6.555555555555555,2.2222222222222223,Poor,58,Viral,50,98,99,Healthy,10,34,41
Comedy,Nbc,Smart Tv,4K,1580,26.333333333333332,197.5,8,8,7.125,3.125,Poor,69,High,44,98,95,Healthy,10,30,31
Comedy,Nbc,Smart Tv,HD,658,10.966666666666667,131.6,5,5,9.2,2.8,Poor,55,Low,27,98,95,Healthy,10,20,16
Comedy,Nbc,Smart Tv,SD,1337,22.283333333333335,148.55555555555554,9,9,7.385666284841544,2.888888888888889,Poor,64,Viral,50,98,95,Healthy,10,34,38
Comedy,Nbc,Tablet,4K,741,12.35,123.5,6,6,11.333333333333334,3.5,Poor,60,Medium,33,98,96,Healthy,10,23,19
Comedy,Nbc,Tablet,HD,868,14.466666666666667,108.5,8,8,7.625,3.125,Poor,60,High,44,98,96,Healthy,10,30,31
Comedy,Nbc,Tablet,SD,1128,18.8,141.0,8,8,7.5588745704467355,3.125,Poor,63,High,44,98,96,Healthy,10,30,31
Comedy,Netflix,Laptop,4K,934,15.566666666666666,116.75,8,8,5.25,2.75,Poor,58,High,44,98,100,Healthy,10,30,33
Comedy,Netflix,Laptop,HD,1379,22.983333333333334,172.375,8,8,9.0,4.125,Poor,72,High,44,98,100,Healthy,10,30,27
Comedy,Netflix,Laptop,SD,1033,17.216666666666665,114.77777777777777,9,9,6.444444444444445,2.888888888888889,Poor,60,Viral,50,98,100,Healthy,10,34,38
Comedy,Netflix,Mobile App,4K,1306,21.766666666666666,163.25,8,8,9.375,3.375,Poor,67,High,44,98,96,Healthy,10,30,30
Comedy,Netflix,Mobile App,HD,1219,20.316666666666666,174.14285714285714,7,7,7.285714285714286,3.7142857142857144,Poor,68,High,38,98,96,Healthy,10,26,24
Comedy,Netflix,Mobile App,SD,531,8.85,106.2,5,5,7.294199312714777,3.0,Poor,53,Low,27,98,96,Healthy,10,20,15
Comedy,Netflix,Set-Top Box,4K,303,5.05,101.0,3,3,7.333333333333333,4.333333333333333,Poor,55,Low,16,98,99,Healthy,10,13,0
Comedy,Netflix,Set-Top Box,HD,718,11.966666666666667,119.66666666666667,6,6,4.666666666666667,3.0,Fair,57,Medium,33,98,99,Healthy,10,23,21
Comedy,Netflix,Set-Top Box,SD,768,12.8,128.0,6,6,8.0,3.3333333333333335,Poor,59,Medium,33,98,99,Healthy,10,23,19
Comedy,Netflix,Smart Tv,4K,1013,16.883333333333333,144.71428571428572,7,7,7.714285714285714,2.857142857142857,Poor,60,High,38,98,95,Healthy,10,26,27
Comedy,Netflix,Smart Tv,HD,863,14.383333333333333,123.28571428571429,7,7,6.571428571428571,3.4285714285714284,Poor,61,High,38,98,95,Healthy,10,26,25
Comedy,Netflix,Smart Tv,SD,637,10.616666666666667,70.77777777777777,9,9,7.888888888888889,2.6666666666666665,Poor,54,Viral,50,98,95,Healthy,10,34,39
Comedy,Netflix,Tablet,4K,928,15.466666666666667,132.57142857142858,7,7,7.428571428571429,3.142857142857143,Poor,61,High,38,98,96,Healthy,10,26,26
Comedy,Netflix,Tablet,HD,1783,29.716666666666665,178.3,10,10,6.6,2.3,Poor,65,Viral,55,98,96,Healthy,10,37,46
Comedy,Netflix,Tablet,SD,348,5.8,116.0,3,3,5.333333333333333,4.0,Poor,55,Low,16,98,96,Healthy,10,13,0
Comedy,Showtime,Laptop,4K,2275,37.916666666666664,151.66666666666666,15,15,5.0,3.2,Fair,72,Viral,83,98,100,Healthy,10,53,70
Comedy,Showtime,Laptop,HD,1716,28.6,143.0,12,12,7.2059163802978246,3.4166666666666665,Poor,70,Viral,66,98,100,Healthy,10,43,52
Comedy,Showtime,Laptop,SD,1094,18.233333333333334,136.75,8,8,7.625,2.375,Poor,58,High,44,98,100,Healthy,10,30,34
Comedy,Showtime,Mobile App,4K,752,12.533333333333333,107.42857142857143,7,7,9.571428571428571,3.0,Poor,57,High,38,98,96,Healthy,10,26,26
Comedy,Showtime,Mobile App,HD,1005,16.75,167.5,6,6,7.578499427262314,2.8333333333333335,Poor,61,Medium,33,98,96,Healthy,10,23,21
Comedy,Showtime,Mobile App,SD,686,11.433333333333334,98.0,7,7,6.142857142857143,3.5714285714285716,Poor,60,High,38,98,96,Healthy,10,26,24
Comedy,Showtime,Set-Top Box,4K,584,9.733333333333333,116.8,5,5,9.0,4.0,Poor,60,Low,27,98,99,Healthy,10,20,11
Comedy,Showtime,Set-Top Box,HD,1053,17.55,150.42857142857142,7,7,7.857142857142857,2.5714285714285716,Poor,59,High,38,98,99,Healthy,10,26,28
Comedy,Showtime,Set-Top Box,SD,969,16.15,161.5,6,6,8.166666666666666,3.1666666666666665,Poor,62,Medium,33,98,99,Healthy,10,23,20
Comedy,Showtime,Smart Tv,4K,964,16.066666666666666,96.4,10,10,6.0,2.6,Poor,58,Viral,55,98,95,Healthy,10,37,45
Comedy,Showtime,Smart Tv,HD,747,12.45,149.4,5,5,9.8,3.4,Poor,60,Low,27,98,95,Healthy,10,20,14
Comedy,Showtime,Smart Tv,SD,676,11.266666666666667,135.2,5,5,5.6,2.0,Poor,50,Low,27,98,95,Healthy,10,20,19
Comedy,Showtime,Tablet,4K,1762,29.366666666666667,146.83333333333334,12,12,7.333333333333333,3.0,Poor,68,Viral,66,98,96,Healthy,10,43,54
Comedy,Showtime,Tablet,HD,1135,18.916666666666668,141.875,8,8,6.0,3.125,Poor,63,High,44,98,96,Healthy,10,30,31
Comedy,Showtime,Tablet,SD,392,6.533333333333333,98.0,4,4,8.75,2.25,Poor,45,Low,22,98,96,At_Risk,10,17,13
Documentary,Abc,Laptop,4K,1053,17.55,150.42857142857142,7,7,8.857142857142858,2.7142857142857144,Poor,60,High,38,98,100,Healthy,10,26,28
Documentary,Abc,Laptop,HD,853,14.216666666666667,170.6,5,5,8.2,2.6,Poor,57,Low,27,98,100,Healthy,10,20,17
Documentary,Abc,Laptop,SD,746,12.433333333333334,124.33333333333333,6,6,8.156998854524629,3.0,Poor,57,Medium,33,98,100,Healthy,10,23,21
Documentary,Abc,Mobile App,4K,815,13.583333333333334,163.0,5,5,6.4,3.2,Poor,60,Low,27,98,96,Healthy,10,20,14
Documentary,Abc,Mobile App,HD,794,13.233333333333333,158.8,5,5,6.6,3.4,Poor,61,Low,27,98,96,Healthy,10,20,14
Documentary,Abc,Mobile App,SD,1355,22.583333333333332,123.18181818181819,11,11,8.860999687597626,2.6363636363636362,Poor,62,Viral,61,98,96,Healthy,10,40,50
Documentary,Abc,Set-Top Box,4K,1475,24.583333333333332,147.5,10,10,9.3,2.3,Poor,61,Viral,55,98,99,Healthy,10,37,46
Documentary,Abc,Set-Top Box,HD,838,13.966666666666667,119.71428571428571,7,7,8.857142857142858,3.2857142857142856,Poor,60,High,38,98,99,Healthy,10,26,25
Documentary,Abc,Set-Top Box,SD,147,2.45,73.5,2,2,5.0,4.0,Fair,46,Low,11,98,99,At_Risk,10,10,0
Documentary,Abc,Smart Tv,4K,601,10.016666666666667,150.25,4,4,5.5,3.25,Poor,57,Low,22,98,95,Healthy,10,17,9
Documentary,Abc,Smart Tv,HD,631,10.516666666666667,126.2,5,5,6.8,2.6,Poor,53,Low,27,98,95,Healthy,10,20,17
Documentary,Abc,Smart Tv,SD,958,15.966666666666667,159.66666666666666,6,6,6.411832760595647,3.0,Poor,61,Medium,33,98,95,Healthy,10,23,21
Documentary,Abc,Tablet,4K,1257,20.95,139.66666666666666,9,9,9.0,3.3333333333333335,Poor,66,Viral,50,98,96,Healthy,10,34,36
Documentary,Abc,Tablet,HD,788,13.133333333333333,112.57142857142857,7,7,7.210142366224841,3.0,Poor,58,High,38,98,96,Healthy,10,26,26
Documentary,Abc,Tablet,SD,323,5.383333333333334,107.66666666666667,3,3,6.0,2.6666666666666665,Poor,46,Low,16,98,96,At_Risk,10,13,5
Documentary,Amc,Laptop,4K,2019,33.65,183.54545454545453,11,11,7.909090909090909,2.5454545454545454,Poor,68,Viral,61,98,100,Healthy,10,40,50
Documentary,Amc,Laptop,HD,437,7.283333333333333,145.66666666666666,3,3,6.333333333333333,3.0,Poor,52,Low,16,98,100,Healthy,10,13,4
Documentary,Amc,Laptop,SD,862,14.366666666666667,107.75,8,8,9.875,3.625,Poor,63,High,44,98,100,Healthy,10,30,29
Documentary,Amc,Mobile App,4K,544,9.066666666666666,90.66666666666667,6,6,7.166666666666667,2.8333333333333335,Poor,53,Medium,33,98,96,Healthy,10,23,21
Documentary,Amc,Mobile App,HD,1326,22.1,147.33333333333334,9,9,4.888888888888889,3.3333333333333335,Fair,66,Viral,50,98,96,Healthy,10,34,36
Documentary,Amc,Mobile App,SD,806,13.433333333333334,134.33333333333334,6,6,3.8333333333333335,3.0,Fair,58,Medium,33,98,96,Healthy,10,23,21
Documentary,Amc,Set-Top Box,4K,806,13.433333333333334,100.75,8,8,5.75,3.0,Poor,58,High,44,98,99,Healthy,10,30,32
Documentary,Amc,Set-Top Box,HD,847,14.116666666666667,211.75,4,4,4.0,2.5,Fair,59,Low,22,98,99,Healthy,10,17,12
Documentary,Amc,Set-Top Box,SD,497,8.283333333333333,82.83333333333333,6,6,5.666666666666667,3.1666666666666665,Poor,54,Medium,33,98,99,Healthy,10,23,20
Documentary,Amc,Smart Tv,4K,629,10.483333333333333,209.66666666666666,3,3,8.666666666666666,3.6666666666666665,Poor,63,Low,16,98,95,Healthy,10,13,1
Documentary,Amc,Smart Tv,HD,559,9.316666666666666,111.8,5,5,11.4,3.4,Poor,56,Low,27,98,95,Healthy,10,20,14
Documentary,Amc,Smart Tv,SD,946,15.766666666666667,135.14285714285714,7,7,6.285714285714286,3.0,Poor,60,High,38,98,95,Healthy,10,26,26
Documentary,Amc,Tablet,4K,761,12.683333333333334,108.71428571428571,7,7,6.0,3.2857142857142856,Poor,59,High,38,98,96,Healthy,10,26,25
Documentary,Amc,Tablet,HD,835,13.916666666666666,119.28571428571429,7,7,6.285714285714286,3.142857142857143,Poor,59,High,38,98,96,Healthy,10,26,26
Documentary,Amc,Tablet,SD,672,11.2,112.0,6,6,9.666666666666666,2.6666666666666665,Poor,54,Medium,33,98,96,Healthy,10,23,22
Documentary,Cbs,Laptop,4K,747,12.45,124.5,6,6,7.5,3.3333333333333335,Poor,59,Medium,33,98,100,Healthy,10,23,19
Documentary,Cbs,Laptop,HD,1780,29.666666666666668,148.33333333333334,12,12,6.872583046964491,2.9166666666666665,Poor,68,Viral,66,98,100,Healthy,10,43,54
Documentary,Cbs,Laptop,SD,879,14.65,109.875,8,8,6.75,2.5,Poor,56,High,44,98,100,Healthy,10,30,34
Documentary,Cbs,Mobile App,4K,650,10.833333333333334,162.5,4,4,3.0,3.0,Fair,57,Low,22,98,96,Healthy,10,17,10
Documentary,Cbs,Mobile App,HD,661,11.016666666666667,165.25,4,4,10.25,3.25,Poor,58,Low,22,98,96,Healthy,10,17,9
Documentary,Cbs,Mobile App,SD,1730,28.833333333333332,133.07692307692307,13,13,7.6923076923076925,2.4615384615384617,Poor,64,Viral,72,98,96,Healthy,10,47,62
Documentary,Cbs,Set-Top Box,4K,762,12.7,152.4,5,5,4.8,2.6,Fair,56,Low,27,98,99,Healthy,10,20,17
Documentary,Cbs,Set-Top Box,HD,716,11.933333333333334,179.0,4,4,6.0,3.0,Poor,58,Low,22,98,99,Healthy,10,17,10
Documentary,Cbs,Set-Top Box,SD,1071,17.85,119.0,9,9,6.666666666666667,2.0,Poor,55,Viral,50,98,99,Healthy,10,34,42
Documentary,Cbs,Smart Tv,4K,1113,18.55,159.0,7,7,3.0,2.0,Fair,57,High,38,98,95,Healthy,10,26,30
Documentary,Cbs,Smart Tv,HD,485,8.083333333333334,69.28571428571429,7,7,5.0,2.857142857142857,Fair,52,High,38,98,95,Healthy,10,26,27
Documentary,Cbs,Smart Tv,SD,1149,19.15,143.625,8,8,8.25,2.875,Poor,62,High,44,98,95,Healthy,10,30,32
Documentary,Cbs,Tablet,4K,734,12.233333333333333,91.75,8,8,9.5,2.625,Poor,55,High,44,98,96,Healthy,10,30,33
Documentary,Cbs,Tablet,HD,925,15.416666666666666,102.77777777777777,9,9,6.444444444444445,3.5555555555555554,Poor,63,Viral,50,98,96,Healthy,10,34,35
Documentary,Cbs,Tablet,SD,1483,24.716666666666665,123.58333333333333,12,12,4.455916380297824,3.0,Fair,65,Viral,66,98,96,Healthy,10,43,54
Documentary,Cnn,Laptop,4K,530,8.833333333333334,106.0,5,5,6.6,3.2,Poor,54,Low,27,98,100,Healthy,10,20,14
Documentary,Cnn,Laptop,HD,588,9.8,147.0,4,4,10.0,3.75,Poor,59,Low,22,98,100,Healthy,10,17,7
Documentary,Cnn,Laptop,SD,473,7.883333333333334,157.66666666666666,3,3,7.823665521191295,3.3333333333333335,Poor,55,Low,16,98,100,Healthy,10,13,3
Documentary,Cnn,Mobile App,4K,697,11.616666666666667,99.57142857142857,7,7,10.571428571428571,2.857142857142857,Poor,55,High,38,98,96,Healthy,10,26,27
Documentary,Cnn,Mobile App,HD,509,8.483333333333333,127.25,4,4,13.0,3.0,Poor,53,Low,22,98,96,Healthy,10,17,10
Documentary,Cnn,Mobile App,SD,980,16.333333333333332,163.33333333333334,6,6,5.166666666666667,2.6666666666666665,Poor,59,Medium,33,98,96,Healthy,10,23,22
Documentary,Cnn,Set-Top Box,4K,674,11.233333333333333,134.8,5,5,5.4,3.4,Poor,59,Low,27,98,99,Healthy,10,20,14
Documentary,Cnn,Set-Top Box,HD,664,11.066666666666666,132.8,5,5,9.494199312714777,3.2,Poor,57,Low,27,98,99,Healthy,10,20,14
Documentary,Cnn,Set-Top Box,SD,1489,24.816666666666666,165.44444444444446,9,9,6.888888888888889,3.6666666666666665,Poor,70,Viral,50,98,99,Healthy,10,34,35
Documentary,Cnn,Smart Tv,4K,793,13.216666666666667,113.28571428571429,7,7,5.428571428571429,3.4285714285714284,Poor,60,High,38,98,95,Healthy,10,26,25
Documentary,Cnn,Smart Tv,HD,305,5.083333333333333,76.25,4,4,6.25,3.25,Poor,49,Low,22,98,95,At_Risk,10,17,9
Documentary,Cnn,Smart Tv,SD,1512,25.2,151.2,10,10,9.2,3.1,Poor,67,Viral,55,98,95,Healthy,10,37,43
Documentary,Cnn,Tablet,4K,934,15.566666666666666,116.75,8,8,5.375,2.0,Poor,54,High,44,98,96,Healthy,10,30,36
Documentary,Cnn,Tablet,HD,1032,17.2,129.0,8,8,7.3088745704467355,2.875,Poor,60,High,44,98,96,Healthy,10,30,32
Documentary,Cnn,Tablet,SD,664,11.066666666666666,132.8,5,5,5.2,2.6,Poor,53,Low,27,98,96,Healthy,10,20,17
Documentary,Discovery Channel,Laptop,4K,1983,33.05,141.64285714285714,14,14,7.247928325969563,2.642857142857143,Poor,67,Viral,77,98,100,Healthy,10,50,67
Documentary,Discovery Channel,Laptop,HD,1059,17.65,132.375,8,8,10.625,3.0,Poor,61,High,44,98,100,Healthy,10,30,32
Documentary,Discovery Channel,Laptop,SD,418,6.966666666666667,139.33333333333334,3,3,11.666666666666666,3.0,Poor,51,Low,16,98,100,Healthy,10,13,4
Documentary,Discovery Channel,Mobile App,4K,1307,21.783333333333335,118.81818181818181,11,11,3.860999687597626,3.0,Fair,64,Viral,61,98,96,Healthy,10,40,49
Documentary,Discovery Channel,Mobile App,HD,606,10.1,86.57142857142857,7,7,5.571428571428571,2.7142857142857144,Poor,53,High,38,98,96,Healthy,10,26,28
Documentary,Discovery Channel,Mobile App,SD,982,16.366666666666667,140.28571428571428,7,7,7.352999509081983,2.857142857142857,Poor,60,High,38,98,96,Healthy,10,26,27
Documentary,Discovery Channel,Set-Top Box,4K,999,16.65,166.5,6,6,6.5,2.3333333333333335,Poor,58,Medium,33,98,99,Healthy,10,23,23
Documentary,Discovery Channel,Set-Top Box,HD,658,10.966666666666667,219.33333333333334,3,3,12.666666666666666,3.6666666666666665,Poor,64,Low,16,98,99,Healthy,10,13,1
Documentary,Discovery Channel,Set-Top Box,SD,574,9.566666666666666,95.66666666666667,6,6,5.666666666666667,4.166666666666667,Poor,61,Medium,33,98,99,Healthy,10,23,16
Documentary,Discovery Channel,Smart Tv,4K,563,9.383333333333333,112.6,5,5,6.4,2.0,Poor,48,Low,27,98,95,At_Risk,10,20,19
Documentary,Discovery Channel,Smart Tv,HD,1120,18.666666666666668,140.0,8,8,8.125,2.75,Poor,61,High,44,98,95,Healthy,10,30,33
Documentary,Discovery Channel,Smart Tv,SD,602,10.033333333333333,100.33333333333333,6,6,5.333333333333333,2.3333333333333335,Poor,51,Medium,33,98,95,Healthy,10,23,23
Documentary,Discovery Channel,Tablet,4K,425,7.083333333333333,106.25,4,4,10.0,3.5,Poor,54,Low,22,98,96,Healthy,10,17,8
Documentary,Discovery Channel,Tablet,HD,657,10.95,131.4,5,5,5.0,2.8,Fair,55,Low,27,98,96,Healthy,10,20,16
Documentary,Discovery Channel,Tablet,SD,545,9.083333333333334,181.66666666666666,3,3,4.156998854524628,3.6666666666666665,Fair,60,Low,16,98,96,Healthy,10,13,1
Documentary,Disney+,Laptop,4K,1483,24.716666666666665,134.8181818181818,11,11,8.363636363636363,3.4545454545454546,Poor,68,Viral,61,98,100,Healthy,10,40,47
Documentary,Disney+,Laptop,HD,801,13.35,133.5,6,6,5.666666666666667,3.0,Poor,58,Medium,33,98,100,Healthy,10,23,21
Documentary,Disney+,Laptop,SD,1475,24.583333333333332,122.91666666666667,12,12,8.25,2.6666666666666665,Poor,63,Viral,66,98,100,Healthy,10,43,55
Documentary,Disney+,Mobile App,4K,1158,19.3,128.66666666666666,9,9,6.111111111111111,3.0,Poor,62,Viral,50,98,96,Healthy,10,34,38
Documentary,Disney+,Mobile App,HD,1235,20.583333333333332,154.375,8,8,7.25,3.25,Poor,65,High,44,98,96,Healthy,10,30,31
Documentary,Disney+,Mobile App,SD,410,6.833333333333333,102.5,4,4,9.75,3.25,Poor,52,Low,22,98,96,Healthy,10,17,9
Documentary,Disney+,Set-Top Box,4K,712,11.866666666666667,178.0,4,4,12.25,3.25,Poor,60,Low,22,98,99,Healthy,10,17,9
Documentary,Disney+,Set-Top Box,HD,1596,26.6,145.0909090909091,11,11,8.1337269603249,3.1818181818181817,Poor,68,Viral,61,98,99,Healthy,10,40,48
Documentary,Disney+,Set-Top Box,SD,1172,19.533333333333335,146.5,8,8,8.75,3.0,Poor,63,High,44,98,99,Healthy,10,30,32
Documentary,Disney+,Smart Tv,4K,733,12.216666666666667,104.71428571428571,7,7,6.067285223367698,3.142857142857143,Poor,58,High,38,98,95,Healthy,10,26,26
Documentary,Disney+,Smart Tv,HD,571,9.516666666666667,95.16666666666667,6,6,7.666666666666667,2.5,Poor,51,Medium,33,98,95,Healthy,10,23,23
Documentary,Disney+,Smart Tv,SD,939,15.65,156.5,6,6,6.833333333333333,2.6666666666666665,Poor,58,Medium,33,98,95,Healthy,10,23,22
Documentary,Disney+,Tablet,4K,1088,18.133333333333333,120.88888888888889,9,9,6.666666666666667,3.111111111111111,Poor,62,Viral,50,98,96,Healthy,10,34,37
Documentary,Disney+,Tablet,HD,914,15.233333333333333,130.57142857142858,7,7,5.4958566519391265,3.2857142857142856,Poor,61,High,38,98,96,Healthy,10,26,25
Documentary,Disney+,Tablet,SD,725,12.083333333333334,145.0,5,5,7.6,3.6,Poor,61,Low,27,98,96,Healthy,10,20,13
Documentary,Espn,Laptop,4K,917,15.283333333333333,183.4,5,5,8.094199312714776,3.6,Poor,65,Low,27,98,100,Healthy,10,20,13
Documentary,Espn,Laptop,HD,603,10.05,150.75,4,4,8.5,3.5,Poor,58,Low,22,98,100,Healthy,10,17,8
Documentary,Espn,Laptop,SD,1095,18.25,182.5,6,6,5.333333333333333,2.8333333333333335,Poor,62,Medium,33,98,100,Healthy,10,23,21
Documentary,Espn,Mobile App,4K,577,9.616666666666667,96.16666666666667,6,6,6.166666666666667,3.0,Poor,54,Medium,33,98,96,Healthy,10,23,21
Documentary,Espn,Mobile App,HD,661,11.016666666666667,94.42857142857143,7,7,7.638713794796269,2.857142857142857,Poor,55,High,38,98,96,Healthy,10,26,27
Documentary,Espn,Mobile App,SD,869,14.483333333333333,144.83333333333334,6,6,9.666666666666666,2.8333333333333335,Poor,58,Medium,33,98,96,Healthy,10,23,21
Documentary,Espn,Set-Top Box,4K,494,8.233333333333333,164.66666666666666,3,3,11.0,3.0,Poor,54,Low,16,98,99,Healthy,10,13,4
Documentary,Espn,Set-Top Box,HD,788,13.133333333333333,131.33333333333334,6,6,5.833333333333333,3.1666666666666665,Poor,59,Medium,33,98,99,Healthy,10,23,20
Documentary,Espn,Set-Top Box,SD,586,9.766666666666667,97.66666666666667,6,6,8.666666666666666,2.8333333333333335,Poor,53,Medium,33,98,99,Healthy,10,23,21
Documentary,Espn,Smart Tv,4K,1157,19.283333333333335,144.625,8,8,6.125,2.125,Poor,57,High,44,98,95,Healthy,10,30,35
Documentary,Espn,Smart Tv,HD,708,11.8,118.0,6,6,5.911832760595647,3.0,Poor,56,Medium,33,98,95,Healthy,10,23,21
Documentary,Espn,Smart Tv,SD,188,3.1333333333333333,62.666666666666664,3,3,5.333333333333333,4.333333333333333,Poor,51,Low,16,98,95,Healthy,10,13,0
Documentary,Espn,Tablet,4K,638,10.633333333333333,106.33333333333333,6,6,7.833333333333333,3.5,Poor,58,Medium,33,98,96,Healthy,10,23,19
Documentary,Espn,Tablet,HD,62,1.0333333333333334,62.0,1,1,3.0,2.0,Fair,27,Low,5,98,96,At_Risk,10,7,0
Documentary,Espn,Tablet,SD,965,16.083333333333332,137.85714285714286,7,7,5.0,3.2857142857142856,Fair,62,High,38,98,96,Healthy,10,26,25
Documentary,Fox News,Laptop,4K,813,13.55,135.5,6,6,9.166666666666666,1.8333333333333333,Poor,51,Medium,33,98,100,Healthy,10,23,25
Documentary,Fox News,Laptop,HD,472,7.866666666666666,157.33333333333334,3,3,8.666666666666666,4.333333333333333,Poor,61,Low,16,98,100,Healthy,10,13,0
Documentary,Fox News,Laptop,SD,478,7.966666666666667,119.5,4,4,11.0,3.25,Poor,54,Low,22,98,100,Healthy,10,17,9
Documentary,Fox News,Mobile App,4K,775,12.916666666666666,129.16666666666666,6,6,7.833333333333333,3.3333333333333335,Poor,60,Medium,33,98,96,Healthy,10,23,19
Documentary,Fox News,Mobile App,HD,598,9.966666666666667,149.5,4,4,9.0,3.0,Poor,55,Low,22,98,96,Healthy,10,17,10
Documentary,Fox News,Mobile App,SD,722,12.033333333333333,120.33333333333333,6,6,8.5,3.8333333333333335,Poor,62,Medium,33,98,96,Healthy,10,23,17
Documentary,Fox News,Set-Top Box,4K,809,13.483333333333333,134.83333333333334,6,6,8.0,3.0,Poor,58,Medium,33,98,99,Healthy,10,23,21
Documentary,Fox News,Set-Top Box,HD,631,10.516666666666667,105.16666666666667,6,6,5.833333333333333,3.5,Poor,58,Medium,33,98,99,Healthy,10,23,19
Documentary,Fox News,Set-Top Box,SD,297,4.95,99.0,3,3,7.0,3.3333333333333335,Poor,49,Low,16,98,99,At_Risk,10,13,3
Documentary,Fox News,Smart Tv,4K,649,10.816666666666666,108.16666666666667,6,6,8.166666666666666,2.5,Poor,52,Medium,33,98,95,Healthy,10,23,23
Documentary,Fox News,Smart Tv,HD,847,14.116666666666667,141.16666666666666,6,6,7.5,3.1666666666666665,Poor,60,Medium,33,98,95,Healthy,10,23,20
Documentary,Fox News,Smart Tv,SD,557,9.283333333333333,111.4,5,5,5.6,2.4,Poor,50,Low,27,98,95,Healthy,10,20,18
Documentary,Fox News,Tablet,4K,743,12.383333333333333,92.875,8,8,6.5,3.0,Poor,57,High,44,98,96,Healthy,10,30,32
Documentary,Fox News,Tablet,HD,797,13.283333333333333,113.85714285714286,7,7,6.0,2.5714285714285716,Poor,55,High,38,98,96,Healthy,10,26,28
Documentary,Fox News,Tablet,SD,645,10.75,107.5,6,6,4.24516609392898,3.3333333333333335,Fair,57,Medium,33,98,96,Healthy,10,23,19
Documentary,Hbo,Laptop,4K,935,15.583333333333334,155.83333333333334,6,6,5.833333333333333,2.6666666666666665,Poor,58,Medium,33,98,100,Healthy,10,23,22
Documentary,Hbo,Laptop,HD,604,10.066666666666666,120.8,5,5,8.6,2.6,Poor,52,Low,27,98,100,Healthy,10,20,17
Documentary,Hbo,Laptop,SD,846,14.1,84.6,10,10,6.8,3.1,Poor,60,Viral,55,98,100,Healthy,10,37,43
Documentary,Hbo,Mobile App,4K,1691,28.183333333333334,140.91666666666666,12,12,6.833333333333333,3.3333333333333335,Poor,69,Viral,66,98,96,Healthy,10,43,53
Documentary,Hbo,Mobile App,HD,864,14.4,108.0,8,8,9.5,3.625,Poor,63,High,44,98,96,Healthy,10,30,29
Documentary,Hbo,Mobile App,SD,796,13.266666666666667,99.5,8,8,6.875,3.25,Poor,59,High,44,98,96,Healthy,10,30,31
Documentary,Hbo,Set-Top Box,4K,272,4.533333333333333,90.66666666666667,3,3,5.666666666666667,2.0,Poor,40,Low,16,98,99,At_Risk,10,13,8
Documentary,Hbo,Set-Top Box,HD,982,16.366666666666667,109.11111111111111,9,9,7.222222222222222,3.4444444444444446,Poor,63,Viral,50,98,99,Healthy,10,34,36
Documentary,Hbo,Set-Top Box,SD,993,16.55,110.33333333333333,9,9,5.666666666666667,3.3333333333333335,Poor,62,Viral,50,98,99,Healthy,10,34,36
Documentary,Hbo,Smart Tv,4K,363,6.05,181.5,2,2,6.235498281786942,2.5,Poor,49,Low,11,98,95,At_Risk,10,10,1
Documentary,Hbo,Smart Tv,HD,527,8.783333333333333,175.66666666666666,3,3,3.3333333333333335,4.333333333333333,Fair,63,Low,16,98,95,Healthy,10,13,0
Documentary,Hbo,Smart Tv,SD,623,10.383333333333333,103.83333333333333,6,6,6.5,2.1666666666666665,Poor,50,Medium,33,98,95,Healthy,10,23,24
Documentary,Hbo,Tablet,4K,712,11.866666666666667,142.4,5,5,9.4,3.6,Poor,61,Low,27,98,96,Healthy,10,20,13
Documentary,Hbo,Tablet,HD,872,14.533333333333333,124.57142857142857,7,7,9.0,2.7142857142857144,Poor,57,High,38,98,96,Healthy,10,26,28
Documentary,Hbo,Tablet,SD,718,11.966666666666667,179.5,4,4,8.367749140893471,3.75,Poor,63,Low,22,98,96,Healthy,10,17,7
Documentary,Hgtv,Laptop,4K,1550,25.833333333333332,172.22222222222223,9,9,9.607888507063764,3.0,Poor,67,Viral,50,98,100,Healthy,10,34,38
Documentary,Hgtv,Laptop,HD,957,15.95,106.33333333333333,9,9,6.666666666666667,3.0,Poor,60,Viral,50,98,100,Healthy,10,34,38
Documentary,Hgtv,Laptop,SD,1073,17.883333333333333,153.28571428571428,7,7,9.571428571428571,2.4285714285714284,Poor,59,High,38,98,100,Healthy,10,26,29
Documentary,Hgtv,Mobile App,4K,615,10.25,102.5,6,6,5.666666666666667,2.1666666666666665,Poor,50,Medium,33,98,96,Healthy,10,23,24
Documentary,Hgtv,Mobile App,HD,363,6.05,90.75,4,4,5.867749140893471,2.5,Poor,46,Low,22,98,96,At_Risk,10,17,12
Documentary,Hgtv,Mobile App,SD,439,7.316666666666666,146.33333333333334,3,3,9.666666666666666,3.6666666666666665,Poor,56,Low,16,98,96,Healthy,10,13,1
Documentary,Hgtv,Set-Top Box,4K,863,14.383333333333333,143.83333333333334,6,6,7.24516609392898,1.8333333333333333,Poor,52,Medium,33,98,99,Healthy,10,23,25
Documentary,Hgtv,Set-Top Box,HD,1148,19.133333333333333,127.55555555555556,9,9,9.777777777777779,3.2222222222222223,Poor,64,Viral,50,98,99,Healthy,10,34,37
Documentary,Hgtv,Set-Top Box,SD,618,10.3,123.6,5,5,8.6,2.8,Poor,54,Low,27,98,99,Healthy,10,20,16
Documentary,Hgtv,Smart Tv,4K,1390,23.166666666666668,139.0,10,10,7.3,3.5,Poor,68,Viral,55,98,95,Healthy,10,37,41
Documentary,Hgtv,Smart Tv,HD,675,11.25,135.0,5,5,8.6,3.2,Poor,57,Low,27,98,95,Healthy,10,20,14
Documentary,Hgtv,Smart Tv,SD,1033,17.216666666666665,147.57142857142858,7,7,3.857142857142857,3.0,Fair,61,High,38,98,95,Healthy,10,26,26
Documentary,Hgtv,Tablet,4K,1141,19.016666666666666,126.77777777777777,9,9,5.0,3.6666666666666665,Fair,66,Viral,50,98,96,Healthy,10,34,35
Documentary,Hgtv,Tablet,HD,1205,20.083333333333332,172.14285714285714,7,7,5.781570937653412,2.857142857142857,Poor,63,High,38,98,96,Healthy,10,26,27
Documentary,Hgtv,Tablet,SD,854,14.233333333333333,94.88888888888889,9,9,5.333333333333333,2.7777777777777777,Poor,57,Viral,50,98,96,Healthy,10,34,38
Documentary,Local Channel,Laptop,4K,1363,22.716666666666665,151.44444444444446,9,9,6.555555555555555,2.6666666666666665,Poor,63,Viral,50,98,100,Healthy,10,34,39
Documentary,Local Channel,Laptop,HD,455,7.583333333333333,113.75,4,4,7.75,2.5,Poor,48,Low,22,98,100,At_Risk,10,17,12
Documentary,Local Channel,Laptop,SD,285,4.75,95.0,3,3,9.666666666666666,2.6666666666666665,Poor,44,Low,16,98,100,At_Risk,10,13,5
Documentary,Local Channel,Mobile App,4K,577,9.616666666666667,96.16666666666667,6,6,8.666666666666666,3.1666666666666665,Poor,55,Medium,33,98,96,Healthy,10,23,20
Documentary,Local Channel,Mobile App,HD,750,12.5,93.75,8,8,7.3088745704467355,3.0,Poor,57,High,44,98,96,Healthy,10,30,32
Documentary,Local Channel,Mobile App,SD,487,8.116666666666667,162.33333333333334,3,3,7.333333333333333,3.6666666666666665,Poor,58,Low,16,98,96,Healthy,10,13,1
Documentary,Local Channel,Set-Top Box,4K,522,8.7,104.4,5,5,9.2,2.6,Poor,50,Low,27,98,99,Healthy,10,20,17
Documentary,Local Channel,Set-Top Box,HD,666,11.1,133.2,5,5,6.8,2.6,Poor,54,Low,27,98,99,Healthy,10,20,17
Documentary,Local Channel,Set-Top Box,SD,649,10.816666666666666,92.71428571428571,7,7,10.428571428571429,3.4285714285714284,Poor,58,High,38,98,99,Healthy,10,26,25
Documentary,Local Channel,Smart Tv,4K,1378,22.966666666666665,196.85714285714286,7,7,8.571428571428571,4.142857142857143,Poor,73,High,38,98,95,Healthy,10,26,22
Documentary,Local Channel,Smart Tv,HD,618,10.3,154.5,4,4,12.5,3.0,Poor,56,Low,22,98,95,Healthy,10,17,10
Documentary,Local Channel,Smart Tv,SD,705,11.75,176.25,4,4,8.5,4.75,Poor,69,Low,22,98,95,Healthy,10,17,3
Documentary,Local Channel,Tablet,4K,178,2.966666666666667,89.0,2,2,7.5,3.0,Poor,42,Low,11,98,96,At_Risk,10,10,0
Documentary,Local Channel,Tablet,HD,1129,18.816666666666666,161.28571428571428,7,7,7.857142857142857,3.7142857142857144,Poor,67,High,38,98,96,Healthy,10,26,24
Documentary,Local Channel,Tablet,SD,308,5.133333333333334,77.0,4,4,4.0,2.75,Fair,46,Low,22,98,96,At_Risk,10,17,11
Documentary,Nbc,Laptop,4K,1076,17.933333333333334,134.5,8,8,10.25,3.125,Poor,62,High,44,98,100,Healthy,10,30,31
Documentary,Nbc,Laptop,HD,1034,17.233333333333334,172.33333333333334,6,6,9.911832760595647,2.3333333333333335,Poor,58,Medium,33,98,100,Healthy,10,23,23
Documentary,Nbc,Laptop,SD,1477,24.616666666666667,113.61538461538461,13,13,8.923076923076923,2.6923076923076925,Poor,64,Viral,72,98,100,Healthy,10,47,61
Documentary,Nbc,Mobile App,4K,870,14.5,124.28571428571429,7,7,7.142857142857143,2.857142857142857,Poor,58,High,38,98,96,Healthy,10,26,27
Documentary,Nbc,Mobile App,HD,849,14.15,121.28571428571429,7,7,6.84885616102111,2.5714285714285716,Poor,56,High,38,98,96,Healthy,10,26,28
Documentary,Nbc,Mobile App,SD,1131,18.85,161.57142857142858,7,7,3.7142857142857144,2.7142857142857144,Fair,61,High,38,98,96,Healthy,10,26,28
Documentary,Nbc,Set-Top Box,4K,709,11.816666666666666,101.28571428571429,7,7,6.857142857142857,3.5714285714285716,Poor,60,High,38,98,99,Healthy,10,26,24
Documentary,Nbc,Set-Top Box,HD,784,13.066666666666666,112.0,7,7,7.142857142857143,2.5714285714285716,Poor,55,High,38,98,99,Healthy,10,26,28
Documentary,Nbc,Set-Top Box,SD,1457,24.283333333333335,182.125,8,8,8.25,2.375,Poor,63,High,44,98,99,Healthy,10,30,34
Documentary,Nbc,Smart Tv,4K,651,10.85,162.75,4,4,7.25,2.25,Poor,52,Low,22,98,95,Healthy,10,17,13
Documentary,Nbc,Smart Tv,HD,1516,25.266666666666666,151.6,10,10,6.547099656357389,3.2,Poor,67,Viral,55,98,95,Healthy,10,37,42
Documentary,Nbc,Smart Tv,SD,930,15.5,132.85714285714286,7,7,7.857142857142857,2.4285714285714284,Poor,56,High,38,98,95,Healthy,10,26,29
Documentary,Nbc,Tablet,4K,664,11.066666666666666,110.66666666666667,6,6,8.833333333333334,2.1666666666666665,Poor,51,Medium,33,98,96,Healthy,10,23,24
Documentary,Nbc,Tablet,HD,763,12.716666666666667,127.16666666666667,6,6,7.333333333333333,3.0,Poor,57,Medium,33,98,96,Healthy,10,23,21
Documentary,Nbc,Tablet,SD,1332,22.2,133.2,10,10,8.5,2.9,Poor,64,Viral,55,98,96,Healthy,10,37,43
Documentary,Netflix,Laptop,4K,885,14.75,126.42857142857143,7,7,8.638713794796269,3.0,Poor,59,High,38,98,100,Healthy,10,26,26
Documentary,Netflix,Laptop,HD,1098,18.3,122.0,9,9,6.888888888888889,3.111111111111111,Poor,62,Viral,50,98,100,Healthy,10,34,37
Documentary,Netflix,Laptop,SD,1239,20.65,137.66666666666666,9,9,11.11111111111111,3.3333333333333335,Poor,65,Viral,50,98,100,Healthy,10,34,36
Documentary,Netflix,Mobile App,4K,742,12.366666666666667,92.75,8,8,6.6838745704467355,3.0,Poor,57,High,44,98,96,Healthy,10,30,32
Documentary,Netflix,Mobile App,HD,717,11.95,102.42857142857143,7,7,9.63871379479627,3.0,Poor,57,High,38,98,96,Healthy,10,26,26
Documentary,Netflix,Mobile App,SD,1207,20.116666666666667,150.875,8,8,7.125,3.0,Poor,63,High,44,98,96,Healthy,10,30,32
Documentary,Netflix,Set-Top Box,4K,573,9.55,114.6,5,5,7.8,2.4,Poor,50,Low,27,98,99,Healthy,10,20,18
Documentary,Netflix,Set-Top Box,HD,824,13.733333333333333,137.33333333333334,6,6,6.333333333333333,3.1666666666666665,Poor,59,Medium,33,98,99,Healthy,10,23,20
Documentary,Netflix,Set-Top Box,SD,692,11.533333333333333,115.33333333333333,6,6,5.833333333333333,3.0,Poor,56,Medium,33,98,99,Healthy,10,23,21
Documentary,Netflix,Smart Tv,4K,568,9.466666666666667,113.6,5,5,11.2,3.0,Poor,54,Low,27,98,95,Healthy,10,20,15
Documentary,Netflix,Smart Tv,HD,1031,17.183333333333334,147.28571428571428,7,7,8.714285714285714,2.857142857142857,Poor,60,High,38,98,95,Healthy,10,26,27
Documentary,Netflix,Smart Tv,SD,427,7.116666666666666,106.75,4,4,5.25,4.5,Poor,60,Low,22,98,95,Healthy,10,17,4
Documentary,Netflix,Tablet,4K,814,13.566666666666666,101.75,8,8,7.25,3.25,Poor,60,High,44,98,96,Healthy,10,30,31
Documentary,Netflix,Tablet,HD,384,6.4,128.0,3,3,9.333333333333334,3.6666666666666665,Poor,54,Low,16,98,96,Healthy,10,13,1
Documentary,Netflix,Tablet,SD,941,15.683333333333334,134.42857142857142,7,7,5.352999509081983,3.7142857142857144,Poor,64,High,38,98,96,Healthy,10,26,24
Documentary,Showtime,Laptop,4K,1109,18.483333333333334,110.9,10,10,7.8,2.4,Poor,58,Viral,55,98,100,Healthy,10,37,45
Documentary,Showtime,Laptop,HD,288,4.8,72.0,4,4,8.5,3.0,Poor,47,Low,22,98,100,At_Risk,10,17,10
Documentary,Showtime,Laptop,SD,626,10.433333333333334,104.33333333333333,6,6,8.5,2.3333333333333335,Poor,51,Medium,33,98,100,Healthy,10,23,23
Documentary,Showtime,Mobile App,4K,155,2.5833333333333335,38.75,4,4,8.0,3.75,Poor,48,Low,22,98,96,At_Risk,10,17,7
Documentary,Showtime,Mobile App,HD,390,6.5,130.0,3,3,6.333333333333333,2.3333333333333335,Poor,46,Low,16,98,96,At_Risk,10,13,7
Documentary,Showtime,Mobile App,SD,788,13.133333333333333,131.33333333333334,6,6,5.0,2.8333333333333335,Fair,57,Medium,33,98,96,Healthy,10,23,21
Documentary,Showtime,Set-Top Box,4K,517,8.616666666666667,129.25,4,4,5.25,3.0,Poor,53,Low,22,98,99,Healthy,10,17,10
Documentary,Showtime,Set-Top Box,HD,362,6.033333333333333,120.66666666666667,3,3,5.0,1.0,Fair,37,Low,16,98,99,At_Risk,10,13,12
Documentary,Showtime,Set-Top Box,SD,996,16.6,124.5,8,8,10.0,2.875,Poor,60,High,44,98,99,Healthy,10,30,32
Documentary,Showtime,Smart Tv,4K,282,4.7,94.0,3,3,7.333333333333333,2.0,Poor,40,Low,16,98,95,At_Risk,10,13,8
Documentary,Showtime,Smart Tv,HD,1166,19.433333333333334,106.0,11,11,5.5401811933770695,2.8181818181818183,Poor,61,Viral,61,98,95,Healthy,10,40,49
Documentary,Showtime,Smart Tv,SD,643,10.716666666666667,107.16666666666667,6,6,7.0,2.8333333333333335,Poor,54,Medium,33,98,95,Healthy,10,23,21
Documentary,Showtime,Tablet,4K,222,3.7,111.0,2,2,7.0,3.5,Poor,47,Low,11,98,96,At_Risk,10,10,0
Documentary,Showtime,Tablet,HD,818,13.633333333333333,116.85714285714286,7,7,8.352999509081984,2.5714285714285716,Poor,56,High,38,98,96,Healthy,10,26,28
Documentary,Showtime,Tablet,SD,643,10.716666666666667,128.6,5,5,9.4,3.6,Poor,59,Low,27,98,96,Healthy,10,20,13
Drama,Abc,Laptop,4K,583,9.716666666666667,145.75,4,4,10.0,3.25,Poor,56,Low,22,98,100,Healthy,10,17,9
Drama,Abc,Laptop,HD,1200,20.0,133.33333333333334,9,9,5.385666284841543,2.5555555555555554,Poor,60,Viral,50,98,100,Healthy,10,34,39
Drama,Abc,Laptop,SD,1660,27.666666666666668,138.33333333333334,12,12,8.166666666666666,2.8333333333333335,Poor,66,Viral,66,98,100,Healthy,10,43,55
Drama,Abc,Mobile App,4K,809,13.483333333333333,101.125,8,8,8.75,2.5,Poor,55,High,44,98,96,Healthy,10,30,34
Drama,Abc,Mobile App,HD,584,9.733333333333333,116.8,5,5,6.494199312714777,2.6,Poor,52,Low,27,98,96,Healthy,10,20,17
Drama,Abc,Mobile App,SD,598,9.966666666666667,149.5,4,4,11.25,3.5,Poor,58,Low,22,98,96,Healthy,10,17,8
Drama,Abc,Set-Top Box,4K,995,16.583333333333332,142.14285714285714,7,7,9.142857142857142,2.7142857142857144,Poor,59,High,38,98,99,Healthy,10,26,28
Drama,Abc,Set-Top Box,HD,713,11.883333333333333,118.83333333333333,6,6,7.0,2.3333333333333335,Poor,53,Medium,33,98,99,Healthy,10,23,23
Drama,Abc,Set-Top Box,SD,1020,17.0,170.0,6,6,6.833333333333333,3.8333333333333335,Poor,67,Medium,33,98,99,Healthy,10,23,17
Drama,Abc,Smart Tv,4K,761,12.683333333333334,108.71428571428571,7,7,7.428571428571429,3.0,Poor,57,High,38,98,95,Healthy,10,26,26
Drama,Abc,Smart Tv,HD,738,12.3,105.42857142857143,7,7,9.210142366224842,3.0,Poor,57,High,38,98,95,Healthy,10,26,26
Drama,Abc,Smart Tv,SD,715,11.916666666666666,143.0,5,5,10.4,4.2,Poor,64,Low,27,98,95,Healthy,10,20,10
Drama,Abc,Tablet,4K,346,5.766666666666667,173.0,2,2,7.5,1.5,Poor,42,Low,11,98,96,At_Risk,10,10,5
Drama,Abc,Tablet,HD,888,14.8,148.0,6,6,8.745166093928981,3.6666666666666665,Poor,64,Medium,33,98,96,Healthy,10,23,18
Drama,Abc,Tablet,SD,1125,18.75,140.625,8,8,5.125,2.25,Poor,58,High,44,98,96,Healthy,10,30,35
Drama,Amc,Laptop,4K,368,6.133333333333334,92.0,4,4,6.5,2.25,Poor,45,Low,22,98,100,At_Risk,10,17,13
Drama,Amc,Laptop,HD,1054,17.566666666666666,150.57142857142858,7,7,7.428571428571429,2.7142857142857144,Poor,60,High,38,98,100,Healthy,10,26,28
Drama,Amc,Laptop,SD,74,1.2333333333333334,24.666666666666668,3,3,2.3333333333333335,1.6666666666666667,Fair,31,Low,16,98,100,At_Risk,10,13,9
Drama,Amc,Mobile App,4K,1266,21.1,115.0909090909091,11,11,6.363636363636363,3.0,Poor,63,Viral,61,98,96,Healthy,10,40,49
Drama,Amc,Mobile App,HD,714,11.9,119.0,6,6,7.0,2.3333333333333335,Poor,53,Medium,33,98,96,Healthy,10,23,23
Drama,Amc,Mobile App,SD,416,6.933333333333334,104.0,4,4,6.867749140893471,3.25,Poor,52,Low,22,98,96,Healthy,10,17,9
Drama,Amc,Set-Top Box,4K,381,6.35,127.0,3,3,7.0,4.0,Poor,56,Low,16,98,99,Healthy,10,13,0
Drama,Amc,Set-Top Box,HD,1585,26.416666666666668,198.125,8,8,4.75,2.625,Fair,66,High,44,98,99,Healthy,10,30,33
Drama,Amc,Set-Top Box,SD,763,12.716666666666667,152.6,5,5,7.2,3.2,Poor,59,Low,27,98,99,Healthy,10,20,14
Drama,Amc,Smart Tv,4K,214,3.566666666666667,214.0,1,1,4.0,3.0,Fair,50,Low,5,98,95,Healthy,10,7,0
Drama,Amc,Smart Tv,HD,1058,17.633333333333333,151.14285714285714,7,7,7.428571428571429,2.857142857142857,Poor,61,High,38,98,95,Healthy,10,26,27
Drama,Amc,Smart Tv,SD,897,14.95,112.125,8,8,8.183874570446736,3.375,Poor,61,High,44,98,95,Healthy,10,30,30
Drama,Amc,Tablet,4K,1012,16.866666666666667,144.57142857142858,7,7,5.781570937653412,3.4285714285714284,Poor,64,High,38,98,96,Healthy,10,26,25
Drama,Amc,Tablet,HD,676,11.266666666666667,169.0,4,4,8.75,2.75,Poor,56,Low,22,98,96,Healthy,10,17,11
Drama,Amc,Tablet,SD,520,8.666666666666666,130.0,4,4,6.117749140893471,3.75,Poor,58,Low,22,98,96,Healthy,10,17,7
Drama,Cbs,Laptop,4K,558,9.3,186.0,3,3,8.333333333333334,2.3333333333333335,Poor,52,Low,16,98,100,Healthy,10,13,7
Drama,Cbs,Laptop,HD,730,12.166666666666666,91.25,8,8,7.375,3.375,Poor,59,High,44,98,100,Healthy,10,30,30
Drama,Cbs,Laptop,SD,758,12.633333333333333,126.33333333333333,6,6,7.823665521191295,2.8333333333333335,Poor,56,Medium,33,98,100,Healthy,10,23,21
Drama,Cbs,Mobile App,4K,239,3.9833333333333334,79.66666666666667,3,3,7.333333333333333,2.3333333333333335,Poor,41,Low,16,98,96,At_Risk,10,13,7
Drama,Cbs,Mobile App,HD,668,11.133333333333333,111.33333333333333,6,6,7.666666666666667,3.1666666666666665,Poor,57,Medium,33,98,96,Healthy,10,23,20
Drama,Cbs,Mobile App,SD,1237,20.616666666666667,154.625,8,8,4.625,2.625,Fair,61,High,44,98,96,Healthy,10,30,33
Drama,Cbs,Set-Top Box,4K,1009,16.816666666666666,144.14285714285714,7,7,9.0,3.142857142857143,Poor,62,High,38,98,99,Healthy,10,26,26
Drama,Cbs,Set-Top Box,HD,493,8.216666666666667,123.25,4,4,7.0,2.25,Poor,48,Low,22,98,99,At_Risk,10,17,13
Drama,Cbs,Set-Top Box,SD,564,9.4,112.8,5,5,5.6,2.8,Poor,53,Low,27,98,99,Healthy,10,20,16
Drama,Cbs,Smart Tv,4K,796,13.266666666666667,88.44444444444444,9,9,8.274555173730432,3.7777777777777777,Poor,63,Viral,50,98,95,Healthy,10,34,34
Drama,Cbs,Smart Tv,HD,752,12.533333333333333,94.0,8,8,8.375,2.625,Poor,55,High,44,98,95,Healthy,10,30,33
Drama,Cbs,Smart Tv,SD,1298,21.633333333333333,185.42857142857142,7,7,8.142857142857142,3.4285714285714284,Poor,68,High,38,98,95,Healthy,10,26,25
Drama,Cbs,Tablet,4K,403,6.716666666666667,57.57142857142857,7,7,8.21014236622484,2.2857142857142856,Poor,48,High,38,98,96,At_Risk,10,26,29
Drama,Cbs,Tablet,HD,788,13.133333333333333,131.33333333333334,6,6,6.0,3.5,Poor,61,Medium,33,98,96,Healthy,10,23,19
Drama,Cbs,Tablet,SD,687,11.45,76.33333333333333,9,9,5.0,2.3333333333333335,Fair,53,Viral,50,98,96,Healthy,10,34,40
Drama,Cnn,Laptop,4K,1758,29.3,159.8181818181818,11,11,9.22463605123399,2.8181818181818183,Poor,67,Viral,61,98,100,Healthy,10,40,49
Drama,Cnn,Laptop,HD,898,14.966666666666667,128.28571428571428,7,7,9.285714285714286,3.7142857142857144,Poor,64,High,38,98,100,Healthy,10,26,24
Drama,Cnn,Laptop,SD,632,10.533333333333333,158.0,4,4,7.5,3.5,Poor,59,Low,22,98,100,Healthy,10,17,8
Drama,Cnn,Mobile App,4K,626,10.433333333333334,104.33333333333333,6,6,7.5,2.5,Poor,52,Medium,33,98,96,Healthy,10,23,23
Drama,Cnn,Mobile App,HD,873,14.55,174.6,5,5,8.2,2.8,Poor,59,Low,27,98,96,Healthy,10,20,16
Drama,Cnn,Mobile App,SD,268,4.466666666666667,67.0,4,4,5.75,4.0,Poor,52,Low,22,98,96,Healthy,10,17,6
Drama,Cnn,Set-Top Box,4K,1201,20.016666666666666,133.44444444444446,9,9,7.222222222222222,3.4444444444444446,Poor,66,Viral,50,98,99,Healthy,10,34,36
Drama,Cnn,Set-Top Box,HD,378,6.3,126.0,3,3,8.333333333333334,4.333333333333333,Poor,58,Low,16,98,99,Healthy,10,13,0
Drama,Cnn,Set-Top Box,SD,689,11.483333333333333,137.8,5,5,9.294199312714778,2.4,Poor,53,Low,27,98,99,Healthy,10,20,18
Drama,Cnn,Smart Tv,4K,1398,23.3,99.85714285714286,14,14,7.319356897398135,2.142857142857143,Poor,60,Viral,77,98,95,Healthy,10,50,69
Drama,Cnn,Smart Tv,HD,511,8.516666666666667,73.0,7,7,6.352999509081983,3.2857142857142856,Poor,55,High,38,98,95,Healthy,10,26,25
Drama,Cnn,Smart Tv,SD,533,8.883333333333333,88.83333333333333,6,6,6.166666666666667,3.0,Poor,53,Medium,33,98,95,Healthy,10,23,21
Drama,Cnn,Tablet,4K,873,14.55,145.5,6,6,5.166666666666667,2.5,Poor,56,Medium,33,98,96,Healthy,10,23,23
Drama,Cnn,Tablet,HD,130,2.1666666666666665,43.333333333333336,3,3,10.0,3.0,Poor,41,Low,16,98,96,At_Risk,10,13,4
Drama,Cnn,Tablet,SD,706,11.766666666666667,117.66666666666667,6,6,7.333333333333333,2.8333333333333335,Poor,55,Medium,33,98,96,Healthy,10,23,21
Drama,Discovery Channel,Laptop,4K,1762,29.366666666666667,160.1818181818182,11,11,6.090909090909091,3.090909090909091,Poor,69,Viral,61,98,100,Healthy,10,40,48
Drama,Discovery Channel,Laptop,HD,1540,25.666666666666668,154.0,10,10,6.447099656357388,3.5,Poor,69,Viral,55,98,100,Healthy,10,37,41
Drama,Discovery Channel,Laptop,SD,878,14.633333333333333,109.75,8,8,8.183874570446735,4.0,Poor,65,High,44,98,100,Healthy,10,30,28
Drama,Discovery Channel,Mobile App,4K,375,6.25,93.75,4,4,9.0,3.0,Poor,49,Low,22,98,96,At_Risk,10,17,10
Drama,Discovery Channel,Mobile App,HD,750,12.5,125.0,6,6,5.74516609392898,2.6666666666666665,Poor,55,Medium,33,98,96,Healthy,10,23,22
Drama,Discovery Channel,Mobile App,SD,588,9.8,147.0,4,4,7.0,4.0,Poor,61,Low,22,98,96,Healthy,10,17,6
Drama,Discovery Channel,Set-Top Box,4K,1048,17.466666666666665,149.71428571428572,7,7,5.0,2.5714285714285716,Fair,59,High,38,98,99,Healthy,10,26,28
Drama,Discovery Channel,Set-Top Box,HD,1281,21.35,106.75,12,12,6.916666666666667,3.0833333333333335,Poor,64,Viral,66,98,99,Healthy,10,43,54
Drama,Discovery Channel,Set-Top Box,SD,581,9.683333333333334,96.83333333333333,6,6,4.911832760595647,2.6666666666666665,Fair,52,Medium,33,98,99,Healthy,10,23,22
Drama,Discovery Channel,Smart Tv,4K,106,1.7666666666666666,53.0,2,2,9.0,2.0,Poor,32,Low,11,98,95,At_Risk,10,10,3
Drama,Discovery Channel,Smart Tv,HD,212,3.533333333333333,106.0,2,2,3.0,2.0,Fair,38,Low,11,98,95,At_Risk,10,10,3
Drama,Discovery Channel,Smart Tv,SD,233,3.8833333333333333,77.66666666666667,3,3,13.333333333333334,4.0,Poor,51,Low,16,98,95,Healthy,10,13,0
Drama,Discovery Channel,Tablet,4K,1698,28.3,141.5,12,12,9.833333333333334,2.9166666666666665,Poor,67,Viral,66,98,96,Healthy,10,43,54
Drama,Discovery Channel,Tablet,HD,641,10.683333333333334,91.57142857142857,7,7,7.285714285714286,3.4285714285714284,Poor,58,High,38,98,96,Healthy,10,26,25
Drama,Discovery Channel,Tablet,SD,503,8.383333333333333,167.66666666666666,3,3,7.666666666666667,4.333333333333333,Poor,62,Low,16,98,96,Healthy,10,13,0
Drama,Disney+,Laptop,4K,471,7.85,157.0,3,3,5.0,2.3333333333333335,Fair,49,Low,16,98,100,At_Risk,10,13,7
Drama,Disney+,Laptop,HD,688,11.466666666666667,114.66666666666667,6,6,9.166666666666666,3.0,Poor,56,Medium,33,98,100,Healthy,10,23,21
Drama,Disney+,Laptop,SD,567,9.45,283.5,2,2,6.0,2.0,Poor,56,Low,11,98,100,Healthy,10,10,3
Drama,Disney+,Mobile App,4K,908,15.133333333333333,100.88888888888889,9,9,7.777777777777778,3.7777777777777777,Poor,64,Viral,50,98,96,Healthy,10,34,34
Drama,Disney+,Mobile App,HD,587,9.783333333333333,73.375,8,8,9.875,3.125,Poor,56,High,44,98,96,Healthy,10,30,31
Drama,Disney+,Mobile App,SD,536,8.933333333333334,107.2,5,5,5.0,3.2,Fair,54,Low,27,98,96,Healthy,10,20,14
Drama,Disney+,Set-Top Box,4K,329,5.483333333333333,82.25,4,4,5.25,4.0,Poor,54,Low,22,98,99,Healthy,10,17,6
Drama,Disney+,Set-Top Box,HD,779,12.983333333333333,97.375,8,8,9.375,3.25,Poor,59,High,44,98,99,Healthy,10,30,31
Drama,Disney+,Set-Top Box,SD,1123,18.716666666666665,160.42857142857142,7,7,4.857142857142857,3.7142857142857144,Fair,67,High,38,98,99,Healthy,10,26,24
Drama,Disney+,Smart Tv,4K,688,11.466666666666667,76.44444444444444,9,9,7.888888888888889,3.111111111111111,Poor,58,Viral,50,98,95,Healthy,10,34,37
Drama,Disney+,Smart Tv,HD,726,12.1,103.71428571428571,7,7,7.781570937653412,3.5714285714285716,Poor,60,High,38,98,95,Healthy,10,26,24
Drama,Disney+,Smart Tv,SD,917,15.283333333333333,131.0,7,7,9.067285223367698,3.2857142857142856,Poor,61,High,38,98,95,Healthy,10,26,25
Drama,Disney+,Tablet,4K,1203,20.05,133.66666666666666,9,9,9.385666284841543,3.4444444444444446,Poor,66,Viral,50,98,96,Healthy,10,34,36
Drama,Disney+,Tablet,HD,394,6.566666666666666,98.5,4,4,7.25,3.25,Poor,51,Low,22,98,96,Healthy,10,17,9
Drama,Disney+,Tablet,SD,1555,25.916666666666668,141.36363636363637,11,11,6.951908778506716,2.8181818181818183,Poor,65,Viral,61,98,96,Healthy,10,40,49
Drama,Espn,Laptop,4K,491,8.183333333333334,81.83333333333333,6,6,10.833333333333334,3.3333333333333335,Poor,55,Medium,33,98,100,Healthy,10,23,19
Drama,Espn,Laptop,HD,42,0.7,21.0,2,2,11.0,3.0,Poor,35,Low,11,98,100,At_Risk,10,10,0
Drama,Espn,Laptop,SD,828,13.8,138.0,6,6,7.666666666666667,2.3333333333333335,Poor,55,Medium,33,98,100,Healthy,10,23,23
Drama,Espn,Mobile App,4K,398,6.633333333333334,99.5,4,4,5.25,3.0,Poor,50,Low,22,98,96,Healthy,10,17,10
Drama,Espn,Mobile App,HD,374,6.233333333333333,93.5,4,4,5.0,2.5,Fair,46,Low,22,98,96,At_Risk,10,17,12
Drama,Espn,Mobile App,SD,1260,21.0,140.0,9,9,9.777777777777779,2.6666666666666665,Poor,62,Viral,50,98,96,Healthy,10,34,39
Drama,Espn,Set-Top Box,4K,737,12.283333333333333,92.125,8,8,9.875,3.375,Poor,59,High,44,98,99,Healthy,10,30,30
Drama,Espn,Set-Top Box,HD,568,9.466666666666667,113.6,5,5,6.0,3.0,Poor,54,Low,27,98,99,Healthy,10,20,15
Drama,Espn,Set-Top Box,SD,864,14.4,123.42857142857143,7,7,4.714285714285714,3.5714285714285716,Fair,62,High,38,98,99,Healthy,10,26,24
Drama,Espn,Smart Tv,4K,473,7.883333333333334,236.5,2,2,6.0,3.5,Poor,60,Low,11,98,95,Healthy,10,10,0
Drama,Espn,Smart Tv,HD,287,4.783333333333333,143.5,2,2,9.0,3.5,Poor,51,Low,11,98,95,Healthy,10,10,0
Drama,Espn,Smart Tv,SD,861,14.35,123.0,7,7,8.571428571428571,2.4285714285714284,Poor,55,High,38,98,95,Healthy,10,26,29
Drama,Espn,Tablet,4K,624,10.4,124.8,5,5,8.6,2.2,Poor,50,Low,27,98,96,Healthy,10,20,18
Drama,Espn,Tablet,HD,994,16.566666666666666,124.25,8,8,7.625,3.375,Poor,63,High,44,98,96,Healthy,10,30,30
Drama,Espn,Tablet,SD,1554,25.9,141.27272727272728,11,11,9.363636363636363,3.090909090909091,Poor,67,Viral,61,98,96,Healthy,10,40,48
Drama,Fox News,Laptop,4K,652,10.866666666666667,93.14285714285714,7,7,6.781570937653412,2.0,Poor,50,High,38,98,100,Healthy,10,26,30
Drama,Fox News,Laptop,HD,441,7.35,110.25,4,4,6.25,3.5,Poor,54,Low,22,98,100,Healthy,10,17,8
Drama,Fox News,Laptop,SD,700,11.666666666666666,175.0,4,4,10.117749140893471,1.5,Poor,49,Low,22,98,100,At_Risk,10,17,16
Drama,Fox News,Mobile App,4K,625,10.416666666666666,125.0,5,5,7.4,2.6,Poor,53,Low,27,98,96,Healthy,10,20,17
Drama,Fox News,Mobile App,HD,344,5.733333333333333,68.8,5,5,7.0,2.2,Poor,44,Low,27,98,96,At_Risk,10,20,18
Drama,Fox News,Mobile App,SD,1038,17.3,129.75,8,8,9.125,3.25,Poor,63,High,44,98,96,Healthy,10,30,31
Drama,Fox News,Set-Top Box,4K,1168,19.466666666666665,194.66666666666666,6,6,7.333333333333333,3.0,Poor,65,Medium,33,98,99,Healthy,10,23,21
Drama,Fox News,Set-Top Box,HD,424,7.066666666666666,70.66666666666667,6,6,4.666666666666667,2.6666666666666665,Fair,49,Medium,33,98,99,At_Risk,10,23,22
Drama,Fox News,Set-Top Box,SD,1022,17.033333333333335,113.55555555555556,9,9,8.882443680794196,3.7777777777777777,Poor,65,Viral,50,98,99,Healthy,10,34,34
Drama,Fox News,Smart Tv,4K,1255,20.916666666666668,139.44444444444446,9,9,8.88888888888889,3.2222222222222223,Poor,65,Viral,50,98,95,Healthy,10,34,37
Drama,Fox News,Smart Tv,HD,339,5.65,169.5,2,2,5.0,3.0,Fair,50,Low,11,98,95,Healthy,10,10,0
Drama,Fox News,Smart Tv,SD,978,16.3,195.6,5,5,6.0,2.2,Poor,58,Low,27,98,95,Healthy,10,20,18
Drama,Fox News,Tablet,4K,957,15.95,119.625,8,8,9.433874570446736,3.625,Poor,64,High,44,98,96,Healthy,10,30,29
Drama,Fox News,Tablet,HD,278,4.633333333333334,69.5,4,4,4.867749140893471,3.0,Fair,47,Low,22,98,96,At_Risk,10,17,10
Drama,Fox News,Tablet,SD,1193,19.883333333333333,170.42857142857142,7,7,8.352999509081984,3.0,Poor,64,High,38,98,96,Healthy,10,26,26
Drama,Hbo,Laptop,4K,627,10.45,104.5,6,6,5.166666666666667,3.1666666666666665,Poor,56,Medium,33,98,100,Healthy,10,23,20
Drama,Hbo,Laptop,HD,1249,20.816666666666666,156.125,8,8,6.4338745704467355,3.5,Poor,67,High,44,98,100,Healthy,10,30,30
Drama,Hbo,Laptop,SD,720,12.0,120.0,6,6,9.745166093928981,3.5,Poor,60,Medium,33,98,100,Healthy,10,23,19
Drama,Hbo,Mobile App,4K,557,9.283333333333333,92.83333333333333,6,6,6.166666666666667,3.0,Poor,54,Medium,33,98,96,Healthy,10,23,21
Drama,Hbo,Mobile App,HD,856,14.266666666666667,142.66666666666666,6,6,6.323665521191295,2.6666666666666665,Poor,57,Medium,33,98,96,Healthy,10,23,22
Drama,Hbo,Mobile App,SD,347,5.783333333333333,115.66666666666667,3,3,7.0,3.6666666666666665,Poor,53,Low,16,98,96,Healthy,10,13,1
Drama,Hbo,Set-Top Box,4K,588,9.8,147.0,4,4,7.0,3.25,Poor,56,Low,22,98,99,Healthy,10,17,9
Drama,Hbo,Set-Top Box,HD,404,6.733333333333333,101.0,4,4,4.25,2.75,Fair,49,Low,22,98,99,At_Risk,10,17,11
Drama,Hbo,Set-Top Box,SD,447,7.45,149.0,3,3,8.333333333333334,3.0,Poor,52,Low,16,98,99,Healthy,10,13,4
Drama,Hbo,Smart Tv,4K,1113,18.55,111.3,10,10,8.9,3.9,Poor,67,Viral,55,98,95,Healthy,10,37,39
Drama,Hbo,Smart Tv,HD,239,3.9833333333333334,119.5,2,2,8.5,2.0,Poor,39,Low,11,98,95,At_Risk,10,10,3
Drama,Hbo,Smart Tv,SD,1394,23.233333333333334,107.23076923076923,13,13,6.728538197197991,2.4615384615384617,Poor,61,Viral,72,98,95,Healthy,10,47,62
Drama,Hbo,Tablet,4K,848,14.133333333333333,121.14285714285714,7,7,9.0,3.2857142857142856,Poor,60,High,38,98,96,Healthy,10,26,25
Drama,Hbo,Tablet,HD,1203,20.05,120.3,10,10,6.9470996563573895,3.2,Poor,64,Viral,55,98,96,Healthy,10,37,42
Drama,Hbo,Tablet,SD,1149,19.15,143.625,8,8,7.375,3.25,Poor,64,High,44,98,96,Healthy,10,30,31
Drama,Hgtv,Laptop,4K,765,12.75,153.0,5,5,6.2,2.2,Poor,53,Low,27,98,100,Healthy,10,20,18
Drama,Hgtv,Laptop,HD,766,12.766666666666667,95.75,8,8,6.125,2.375,Poor,54,High,44,98,100,Healthy,10,30,34
Drama,Hgtv,Laptop,SD,796,13.266666666666667,88.44444444444444,9,9,6.8301107292859875,2.888888888888889,Poor,57,Viral,50,98,100,Healthy,10,34,38
Drama,Hgtv,Mobile App,4K,741,12.35,123.5,6,6,11.0,3.1666666666666665,Poor,58,Medium,33,98,96,Healthy,10,23,20
Drama,Hgtv,Mobile App,HD,425,7.083333333333333,141.66666666666666,3,3,9.49033218785796,3.6666666666666665,Poor,55,Low,16,98,96,Healthy,10,13,1
Drama,Hgtv,Mobile App,SD,1607,26.783333333333335,146.0909090909091,11,11,6.133726960324899,2.8181818181818183,Poor,66,Viral,61,98,96,Healthy,10,40,49
Drama,Hgtv,Set-Top Box,4K,624,10.4,124.8,5,5,9.8,3.4,Poor,57,Low,27,98,99,Healthy,10,20,14
Drama,Hgtv,Set-Top Box,HD,886,14.766666666666667,177.2,5,5,6.0,4.0,Poor,67,Low,27,98,99,Healthy,10,20,11
Drama,Hgtv,Set-Top Box,SD,493,8.216666666666667,164.33333333333334,3,3,10.666666666666666,3.3333333333333335,Poor,56,Low,16,98,99,Healthy,10,13,3
Drama,Hgtv,Smart Tv,4K,712,11.866666666666667,118.66666666666667,6,6,8.156998854524629,2.3333333333333335,Poor,52,Medium,33,98,95,Healthy,10,23,23
Drama,Hgtv,Smart Tv,HD,1037,17.283333333333335,207.4,5,5,5.6,3.2,Poor,65,Low,27,98,95,Healthy,10,20,14
Drama,Hgtv,Smart Tv,SD,201,3.35,201.0,1,1,5.0,2.0,Fair,42,Low,5,98,95,At_Risk,10,7,0
Drama,Hgtv,Tablet,4K,966,16.1,107.33333333333333,9,9,8.0,3.3333333333333335,Poor,62,Viral,50,98,96,Healthy,10,34,36
Drama,Hgtv,Tablet,HD,604,10.066666666666666,120.8,5,5,9.6,2.6,Poor,52,Low,27,98,96,Healthy,10,20,17
Drama,Hgtv,Tablet,SD,656,10.933333333333334,93.71428571428571,7,7,4.210142366224841,3.857142857142857,Fair,61,High,38,98,96,Healthy,10,26,23
Drama,Local Channel,Laptop,4K,861,14.35,123.0,7,7,3.0672852233676977,2.7142857142857144,Fair,57,High,38,98,100,Healthy,10,26,28
Drama,Local Channel,Laptop,HD,9,0.15,9.0,1,1,10.0,1.0,Poor,16,Low,5,98,100,Critical,10,7,1
Drama,Local Channel,Laptop,SD,1220,20.333333333333332,135.55555555555554,9,9,5.555555555555555,3.888888888888889,Poor,68,Viral,50,98,100,Healthy,10,34,34
Drama,Local Channel,Mobile App,4K,1066,17.766666666666666,96.9090909090909,11,11,7.2727272727272725,2.727272727272727,Poor,60,Viral,61,98,96,Healthy,10,40,50
Drama,Local Channel,Mobile App,HD,683,11.383333333333333,113.83333333333333,6,6,7.666666666666667,3.0,Poor,56,Medium,33,98,96,Healthy,10,23,21
Drama,Local Channel,Mobile App,SD,514,8.566666666666666,102.8,5,5,8.8,3.6,Poor,56,Low,27,98,96,Healthy,10,20,13
Drama,Local Channel,Set-Top Box,4K,857,14.283333333333333,122.42857142857143,7,7,8.638713794796269,3.4285714285714284,Poor,61,High,38,98,99,Healthy,10,26,25
Drama,Local Channel,Set-Top Box,HD,466,7.766666666666667,93.2,5,5,6.4,2.4,Poor,48,Low,27,98,99,At_Risk,10,20,18
Drama,Local Channel,Set-Top Box,SD,902,15.033333333333333,112.75,8,8,6.375,2.125,Poor,54,High,44,98,99,Healthy,10,30,35
Drama,Local Channel,Smart Tv,4K,1051,17.516666666666666,150.14285714285714,7,7,11.0,3.4285714285714284,Poor,64,High,38,98,95,Healthy,10,26,25
Drama,Local Channel,Smart Tv,HD,708,11.8,236.0,3,3,11.333333333333334,2.0,Poor,55,Low,16,98,95,Healthy,10,13,8
Drama,Local Channel,Smart Tv,SD,269,4.483333333333333,134.5,2,2,8.5,3.5,Poor,50,Low,11,98,95,Healthy,10,10,0
Drama,Local Channel,Tablet,4K,1231,20.516666666666666,123.1,10,10,6.547099656357387,2.5,Poor,60,Viral,55,98,96,Healthy,10,37,45
Drama,Local Channel,Tablet,HD,1673,27.883333333333333,185.88888888888889,9,9,4.0,3.5555555555555554,Fair,72,Viral,50,98,96,Healthy,10,34,35
Drama,Local Channel,Tablet,SD,1136,18.933333333333334,113.6,10,10,7.947099656357388,2.8,Poor,61,Viral,55,98,96,Healthy,10,37,44
Drama,Nbc,Laptop,4K,1136,18.933333333333334,113.6,10,10,8.8,2.8,Poor,61,Viral,55,98,100,Healthy,10,37,44
Drama,Nbc,Laptop,HD,1651,27.516666666666666,150.0909090909091,11,11,7.090909090909091,2.6363636363636362,Poor,65,Viral,61,98,100,Healthy,10,40,50
Drama,Nbc,Laptop,SD,593,9.883333333333333,98.83333333333333,6,6,9.166666666666666,3.5,Poor,57,Medium,33,98,100,Healthy,10,23,19
Drama,Nbc,Mobile App,4K,654,10.9,109.0,6,6,7.333333333333333,2.5,Poor,52,Medium,33,98,96,Healthy,10,23,23
Drama,Nbc,Mobile App,HD,1464,24.4,133.0909090909091,11,11,9.363636363636363,2.4545454545454546,Poor,62,Viral,61,98,96,Healthy,10,40,51
Drama,Nbc,Mobile App,SD,339,5.65,67.8,5,5,9.0,3.0,Poor,49,Low,27,98,96,At_Risk,10,20,15
Drama,Nbc,Set-Top Box,4K,500,8.333333333333334,100.0,5,5,11.4,3.2,Poor,54,Low,27,98,99,Healthy,10,20,14
Drama,Nbc,Set-Top Box,HD,805,13.416666666666666,161.0,5,5,5.0,3.4,Fair,61,Low,27,98,99,Healthy,10,20,14
Drama,Nbc,Set-Top Box,SD,1303,21.716666666666665,108.58333333333333,12,12,7.0,3.1666666666666665,Poor,65,Viral,66,98,99,Healthy,10,43,53
Drama,Nbc,Smart Tv,4K,437,7.283333333333333,145.66666666666666,3,3,6.0,3.0,Poor,52,Low,16,98,95,Healthy,10,13,4
Drama,Nbc,Smart Tv,HD,446,7.433333333333334,111.5,4,4,3.25,3.25,Fair,53,Low,22,98,95,Healthy,10,17,9
Drama,Nbc,Smart Tv,SD,595,9.916666666666666,148.75,4,4,8.25,3.0,Poor,55,Low,22,98,95,Healthy,10,17,10
Drama,Nbc,Tablet,4K,262,4.366666666666666,65.5,4,4,7.25,1.25,Poor,36,Low,22,98,96,At_Risk,10,17,17
Drama,Nbc,Tablet,HD,587,9.783333333333333,83.85714285714286,7,7,9.285714285714286,2.5714285714285716,Poor,52,High,38,98,96,Healthy,10,26,28
Drama,Nbc,Tablet,SD,822,13.7,137.0,6,6,7.0,2.8333333333333335,Poor,57,Medium,33,98,96,Healthy,10,23,21
Drama,Netflix,Laptop,4K,816,13.6,136.0,6,6,9.166666666666666,2.8333333333333335,Poor,57,Medium,33,98,100,Healthy,10,23,21
Drama,Netflix,Laptop,HD,754,12.566666666666666,125.66666666666667,6,6,6.411832760595647,3.6666666666666665,Poor,61,Medium,33,98,100,Healthy,10,23,18
Drama,Netflix,Laptop,SD,575,9.583333333333334,115.0,5,5,10.2,3.2,Poor,55,Low,27,98,100,Healthy,10,20,14
Drama,Netflix,Mobile App,4K,855,14.25,122.14285714285714,7,7,7.0,2.5714285714285716,Poor,56,High,38,98,96,Healthy,10,26,28
Drama,Netflix,Mobile App,HD,549,9.15,91.5,6,6,8.0,3.1666666666666665,Poor,55,Medium,33,98,96,Healthy,10,23,20
Drama,Netflix,Mobile App,SD,526,8.766666666666667,105.2,5,5,6.0,2.8,Poor,52,Low,27,98,96,Healthy,10,20,16
Drama,Netflix,Set-Top Box,4K,1528,25.466666666666665,138.9090909090909,11,11,8.272727272727273,3.272727272727273,Poor,68,Viral,61,98,99,Healthy,10,40,48
Drama,Netflix,Set-Top Box,HD,488,8.133333333333333,97.6,5,5,7.6,3.2,Poor,53,Low,27,98,99,Healthy,10,20,14
Drama,Netflix,Set-Top Box,SD,487,8.116666666666667,81.16666666666667,6,6,5.5,2.8333333333333335,Poor,52,Medium,33,98,99,Healthy,10,23,21
Drama,Netflix,Smart Tv,4K,366,6.1,122.0,3,3,9.980664375715923,3.0,Poor,49,Low,16,98,95,At_Risk,10,13,4
Drama,Netflix,Smart Tv,HD,862,14.366666666666667,143.66666666666666,6,6,7.5,2.8333333333333335,Poor,58,Medium,33,98,95,Healthy,10,23,21
Drama,Netflix,Smart Tv,SD,806,13.433333333333334,134.33333333333334,6,6,7.833333333333333,3.1666666666666665,Poor,59,Medium,33,98,95,Healthy,10,23,20
Drama,Netflix,Tablet,4K,32,0.5333333333333333,32.0,1,1,13.0,3.0,Poor,30,Low,5,98,96,At_Risk,10,7,0
Drama,Netflix,Tablet,HD,817,13.616666666666667,136.16666666666666,6,6,10.078499427262313,3.0,Poor,58,Medium,33,98,96,Healthy,10,23,21
Drama,Netflix,Tablet,SD,919,15.316666666666666,131.28571428571428,7,7,12.142857142857142,2.5714285714285716,Poor,57,High,38,98,96,Healthy,10,26,28
Drama,Showtime,Laptop,4K,1330,22.166666666666668,120.9090909090909,11,11,6.545454545454546,3.1818181818181817,Poor,65,Viral,61,98,100,Healthy,10,40,48
Drama,Showtime,Laptop,HD,838,13.966666666666667,104.75,8,8,4.0,2.75,Fair,57,High,44,98,100,Healthy,10,30,33
Drama,Showtime,Laptop,SD,1236,20.6,123.6,10,10,8.7,2.6,Poor,61,Viral,55,98,100,Healthy,10,37,45
Drama,Showtime,Mobile App,4K,1264,21.066666666666666,105.33333333333333,12,12,6.583333333333333,3.0833333333333335,Poor,64,Viral,66,98,96,Healthy,10,43,54
Drama,Showtime,Mobile App,HD,927,15.45,154.5,6,6,4.5,3.0,Fair,60,Medium,33,98,96,Healthy,10,23,21
Drama,Showtime,Mobile App,SD,232,3.8666666666666667,116.0,2,2,6.5,2.0,Poor,39,Low,11,98,96,At_Risk,10,10,3
Drama,Showtime,Set-Top Box,4K,907,15.116666666666667,151.16666666666666,6,6,5.666666666666667,3.3333333333333335,Poor,62,Medium,33,98,99,Healthy,10,23,19
Drama,Showtime,Set-Top Box,HD,535,8.916666666666666,89.16666666666667,6,6,10.0,2.5,Poor,50,Medium,33,98,99,Healthy,10,23,23
Drama,Showtime,Set-Top Box,SD,917,15.283333333333333,131.0,7,7,11.285714285714286,2.857142857142857,Poor,59,High,38,98,99,Healthy,10,26,27
Drama,Showtime,Smart Tv,4K,1154,19.233333333333334,164.85714285714286,7,7,5.428571428571429,3.4285714285714284,Poor,66,High,38,98,95,Healthy,10,26,25
Drama,Showtime,Smart Tv,HD,806,13.433333333333334,201.5,4,4,6.75,2.75,Poor,59,Low,22,98,95,Healthy,10,17,11
Drama,Showtime,Smart Tv,SD,809,13.483333333333333,134.83333333333334,6,6,9.666666666666666,3.3333333333333335,Poor,60,Medium,33,98,95,Healthy,10,23,19
Drama,Showtime,Tablet,4K,1593,26.55,159.3,10,10,8.247099656357388,3.0,Poor,67,Viral,55,98,96,Healthy,10,37,43
Drama,Showtime,Tablet,HD,65,1.0833333333333333,32.5,2,2,5.0,3.0,Fair,36,Low,11,98,96,At_Risk,10,10,0
Drama,Showtime,Tablet,SD,613,10.216666666666667,122.6,5,5,8.4,3.2,Poor,56,Low,27,98,96,Healthy,10,20,14
Movie,Abc,Laptop,4K,658,10.966666666666667,94.0,7,7,7.067285223367698,3.7142857142857144,Poor,60,High,38,98,100,Healthy,10,26,24
Movie,Abc,Laptop,HD,1306,21.766666666666666,108.83333333333333,12,12,8.583333333333334,3.8333333333333335,Poor,69,Viral,66,98,100,Healthy,10,43,51
Movie,Abc,Laptop,SD,758,12.633333333333333,126.33333333333333,6,6,4.166666666666667,3.6666666666666665,Fair,61,Medium,33,98,100,Healthy,10,23,18
Movie,Abc,Mobile App,4K,637,10.616666666666667,106.16666666666667,6,6,10.666666666666666,3.1666666666666665,Poor,56,Medium,33,98,96,Healthy,10,23,20
Movie,Abc,Mobile App,HD,405,6.75,81.0,5,5,5.0,3.2,Fair,52,Low,27,98,96,Healthy,10,20,14
Movie,Abc,Mobile App,SD,524,8.733333333333333,74.85714285714286,7,7,4.9244280805105545,2.7142857142857144,Fair,52,High,38,98,96,Healthy,10,26,28
Movie,Abc,Set-Top Box,4K,686,11.433333333333334,137.2,5,5,6.4,2.8,Poor,55,Low,27,98,99,Healthy,10,20,16
Movie,Abc,Set-Top Box,HD,729,12.15,121.5,6,6,8.0,3.1666666666666665,Poor,58,Medium,33,98,99,Healthy,10,23,20
Movie,Abc,Set-Top Box,SD,1112,18.533333333333335,158.85714285714286,7,7,6.142857142857143,2.857142857142857,Poor,62,High,38,98,99,Healthy,10,26,27
Movie,Abc,Smart Tv,4K,457,7.616666666666666,91.4,5,5,8.0,3.2,Poor,53,Low,27,98,95,Healthy,10,20,14
Movie,Abc,Smart Tv,HD,861,14.35,123.0,7,7,8.142857142857142,2.857142857142857,Poor,58,High,38,98,95,Healthy,10,26,27
Movie,Abc,Smart Tv,SD,470,7.833333333333333,117.5,4,4,6.25,3.5,Poor,55,Low,22,98,95,Healthy,10,17,8
Movie,Abc,Tablet,4K,422,7.033333333333333,84.4,5,5,3.8,3.8,Fair,56,Low,27,98,96,Healthy,10,20,12
Movie,Abc,Tablet,HD,852,14.2,106.5,8,8,10.25,3.0,Poor,59,High,44,98,96,Healthy,10,30,32
Movie,Abc,Tablet,SD,1020,17.0,102.0,10,10,6.9,2.7,Poor,59,Viral,55,98,96,Healthy,10,37,44
Movie,Amc,Laptop,4K,354,5.9,177.0,2,2,14.5,3.0,Poor,51,Low,11,98,100,Healthy,10,10,0
Movie,Amc,Laptop,HD,1555,25.916666666666668,141.36363636363637,11,11,8.363636363636363,3.1818181818181817,Poor,67,Viral,61,98,100,Healthy,10,40,48
Movie,Amc,Laptop,SD,983,16.383333333333333,109.22222222222223,9,9,9.0,3.0,Poor,60,Viral,50,98,100,Healthy,10,34,38
Movie,Amc,Mobile App,4K,646,10.766666666666667,64.6,10,10,6.047099656357388,3.1,Poor,58,Viral,55,98,96,Healthy,10,37,43
Movie,Amc,Mobile App,HD,524,8.733333333333333,131.0,4,4,8.0,3.25,Poor,55,Low,22,98,96,Healthy,10,17,9
Movie,Amc,Mobile App,SD,906,15.1,151.0,6,6,9.411832760595647,3.3333333333333335,Poor,62,Medium,33,98,96,Healthy,10,23,19
Movie,Amc,Set-Top Box,4K,629,10.483333333333333,125.8,5,5,4.8,3.2,Fair,56,Low,27,98,99,Healthy,10,20,14
Movie,Amc,Set-Top Box,HD,367,6.116666666666666,52.42857142857143,7,7,7.781570937653412,3.0,Poor,51,High,38,98,99,Healthy,10,26,26
Movie,Amc,Set-Top Box,SD,1264,21.066666666666666,140.44444444444446,9,9,7.777777777777778,2.7777777777777777,Poor,62,Viral,50,98,99,Healthy,10,34,38
Movie,Amc,Smart Tv,4K,690,11.5,115.0,6,6,11.333333333333334,2.5,Poor,53,Medium,33,98,95,Healthy,10,23,23
Movie,Amc,Smart Tv,HD,1659,27.65,184.33333333333334,9,9,5.385666284841543,2.111111111111111,Poor,63,Viral,50,98,95,Healthy,10,34,41
Movie,Amc,Smart Tv,SD,1098,18.3,99.81818181818181,11,11,6.818181818181818,2.5454545454545454,Poor,59,Viral,61,98,95,Healthy,10,40,50
Movie,Amc,Tablet,4K,380,6.333333333333333,126.66666666666667,3,3,5.333333333333333,2.0,Poor,44,Low,16,98,96,At_Risk,10,13,8
Movie,Amc,Tablet,HD,460,7.666666666666667,92.0,5,5,6.8,2.6,Poor,49,Low,27,98,96,At_Risk,10,20,17
Movie,Amc,Tablet,SD,299,4.983333333333333,59.8,5,5,10.8,4.0,Poor,54,Low,27,98,96,Healthy,10,20,11
Movie,Cbs,Laptop,4K,468,7.8,117.0,4,4,5.75,3.25,Poor,53,Low,22,98,100,Healthy,10,17,9
Movie,Cbs,Laptop,HD,773,12.883333333333333,128.83333333333334,6,6,5.333333333333333,2.6666666666666665,Poor,56,Medium,33,98,100,Healthy,10,23,22
Movie,Cbs,Laptop,SD,657,10.95,131.4,5,5,7.2,2.4,Poor,52,Low,27,98,100,Healthy,10,20,18
Movie,Cbs,Mobile App,4K,716,11.933333333333334,102.28571428571429,7,7,5.571428571428571,4.714285714285714,Poor,67,High,38,98,96,Healthy,10,26,20
Movie,Cbs,Mobile App,HD,512,8.533333333333333,73.14285714285714,7,7,6.857142857142857,2.857142857142857,Poor,53,High,38,98,96,Healthy,10,26,27
Movie,Cbs,Mobile App,SD,817,13.616666666666667,163.4,5,5,8.2,2.6,Poor,57,Low,27,98,96,Healthy,10,20,17
Movie,Cbs,Set-Top Box,4K,388,6.466666666666667,64.66666666666667,6,6,10.666666666666666,3.1666666666666665,Poor,52,Medium,33,98,99,Healthy,10,23,20
Movie,Cbs,Set-Top Box,HD,793,13.216666666666667,158.6,5,5,6.4,3.0,Poor,59,Low,27,98,99,Healthy,10,20,15
Movie,Cbs,Set-Top Box,SD,550,9.166666666666666,110.0,5,5,11.6,3.0,Poor,53,Low,27,98,99,Healthy,10,20,15
Movie,Cbs,Smart Tv,4K,774,12.9,129.0,6,6,5.5,3.3333333333333335,Poor,60,Medium,33,98,95,Healthy,10,23,19
Movie,Cbs,Smart Tv,HD,305,5.083333333333333,76.25,4,4,12.0,3.5,Poor,50,Low,22,98,95,Healthy,10,17,8
Movie,Cbs,Smart Tv,SD,907,15.116666666666667,113.375,8,8,7.375,3.0,Poor,59,High,44,98,95,Healthy,10,30,32
Movie,Cbs,Tablet,4K,803,13.383333333333333,89.22222222222223,9,9,6.222222222222222,2.7777777777777777,Poor,57,Viral,50,98,96,Healthy,10,34,38
Movie,Cbs,Tablet,HD,565,9.416666666666666,141.25,4,4,6.0,2.75,Poor,53,Low,22,98,96,Healthy,10,17,11
Movie,Cbs,Tablet,SD,1084,18.066666666666666,120.44444444444444,9,9,8.496777395952655,2.3333333333333335,Poor,58,Viral,50,98,96,Healthy,10,34,40
Movie,Cnn,Laptop,4K,511,8.516666666666667,127.75,4,4,10.0,2.0,Poor,47,Low,22,98,100,At_Risk,10,17,14
Movie,Cnn,Laptop,HD,1286,21.433333333333334,98.92307692307692,13,13,5.651615120274913,3.230769230769231,Poor,65,Viral,72,98,100,Healthy,10,47,59
Movie,Cnn,Laptop,SD,1153,19.216666666666665,164.71428571428572,7,7,8.067285223367698,3.0,Poor,63,High,38,98,100,Healthy,10,26,26
Movie,Cnn,Mobile App,4K,1332,22.2,166.5,8,8,9.125,2.0,Poor,59,High,44,98,96,Healthy,10,30,36
Movie,Cnn,Mobile App,HD,507,8.45,101.4,5,5,11.8,3.0,Poor,53,Low,27,98,96,Healthy,10,20,15
Movie,Cnn,Mobile App,SD,534,8.9,178.0,3,3,7.333333333333333,2.0,Poor,49,Low,16,98,96,At_Risk,10,13,8
Movie,Cnn,Set-Top Box,4K,842,14.033333333333333,105.25,8,8,10.0,3.125,Poor,59,High,44,98,99,Healthy,10,30,31
Movie,Cnn,Set-Top Box,HD,921,15.35,131.57142857142858,7,7,7.210142366224841,3.0,Poor,60,High,38,98,99,Healthy,10,26,26
Movie,Cnn,Set-Top Box,SD,463,7.716666666666667,66.14285714285714,7,7,8.142857142857142,3.2857142857142856,Poor,54,High,38,98,99,Healthy,10,26,25
Movie,Cnn,Smart Tv,4K,730,12.166666666666666,91.25,8,8,6.375,3.125,Poor,58,High,44,98,95,Healthy,10,30,31
Movie,Cnn,Smart Tv,HD,971,16.183333333333334,138.71428571428572,7,7,7.571428571428571,3.4285714285714284,Poor,63,High,38,98,95,Healthy,10,26,25
Movie,Cnn,Smart Tv,SD,1408,23.466666666666665,128.0,11,11,5.7272727272727275,3.8181818181818183,Poor,70,Viral,61,98,95,Healthy,10,40,45
Movie,Cnn,Tablet,4K,1150,19.166666666666668,143.75,8,8,5.875,1.875,Poor,56,High,44,98,96,Healthy,10,30,36
Movie,Cnn,Tablet,HD,305,5.083333333333333,152.5,2,2,12.5,2.0,Poor,43,Low,11,98,96,At_Risk,10,10,3
Movie,Cnn,Tablet,SD,103,1.7166666666666666,51.5,2,2,10.235498281786942,5.0,Poor,50,Low,11,98,96,Healthy,10,10,0
Movie,Discovery Channel,Laptop,4K,394,6.566666666666666,98.5,4,4,7.75,2.5,Poor,47,Low,22,98,100,At_Risk,10,17,12
Movie,Discovery Channel,Laptop,HD,493,8.216666666666667,123.25,4,4,6.25,3.0,Poor,52,Low,22,98,100,Healthy,10,17,10
Movie,Discovery Channel,Laptop,SD,980,16.333333333333332,122.5,8,8,7.25,2.625,Poor,58,High,44,98,100,Healthy,10,30,33
Movie,Discovery Channel,Mobile App,4K,792,13.2,132.0,6,6,6.0,3.6666666666666665,Poor,62,Medium,33,98,96,Healthy,10,23,18
Movie,Discovery Channel,Mobile App,HD,548,9.133333333333333,137.0,4,4,12.25,2.75,Poor,52,Low,22,98,96,Healthy,10,17,11
Movie,Discovery Channel,Mobile App,SD,628,10.466666666666667,125.6,5,5,4.6,2.8,Fair,54,Low,27,98,96,Healthy,10,20,16
Movie,Discovery Channel,Set-Top Box,4K,981,16.35,163.5,6,6,10.333333333333334,3.3333333333333335,Poor,63,Medium,33,98,99,Healthy,10,23,19
Movie,Discovery Channel,Set-Top Box,HD,1214,20.233333333333334,134.88888888888889,9,9,8.333333333333334,3.2222222222222223,Poor,64,Viral,50,98,99,Healthy,10,34,37
Movie,Discovery Channel,Set-Top Box,SD,1099,18.316666666666666,157.0,7,7,5.0,2.142857142857143,Fair,57,High,38,98,99,Healthy,10,26,30
Movie,Discovery Channel,Smart Tv,4K,427,7.116666666666666,106.75,4,4,10.867749140893471,4.0,Poor,57,Low,22,98,95,Healthy,10,17,6
Movie,Discovery Channel,Smart Tv,HD,945,15.75,118.125,8,8,5.75,1.875,Poor,53,High,44,98,95,Healthy,10,30,36
Movie,Discovery Channel,Smart Tv,SD,438,7.3,87.6,5,5,6.2,1.6,Poor,43,Low,27,98,95,At_Risk,10,20,21
Movie,Discovery Channel,Tablet,4K,805,13.416666666666666,134.16666666666666,6,6,6.5,3.0,Poor,58,Medium,33,98,96,Healthy,10,23,21
Movie,Discovery Channel,Tablet,HD,1267,21.116666666666667,158.375,8,8,5.6838745704467355,3.625,Poor,68,High,44,98,96,Healthy,10,30,29
Movie,Discovery Channel,Tablet,SD,1069,17.816666666666666,118.77777777777777,9,9,3.888888888888889,3.4444444444444446,Fair,64,Viral,50,98,96,Healthy,10,34,36
Movie,Disney+,Laptop,4K,849,14.15,169.8,5,5,6.2,3.6,Poor,63,Low,27,98,100,Healthy,10,20,13
Movie,Disney+,Laptop,HD,1419,23.65,157.66666666666666,9,9,7.941221840397099,3.4444444444444446,Poor,68,Viral,50,98,100,Healthy,10,34,36
Movie,Disney+,Laptop,SD,371,6.183333333333334,185.5,2,2,9.0,4.5,Poor,61,Low,11,98,100,Healthy,10,10,0
Movie,Disney+,Mobile App,4K,640,10.666666666666666,106.66666666666667,6,6,7.5,3.6666666666666665,Poor,59,Medium,33,98,96,Healthy,10,23,18
Movie,Disney+,Mobile App,HD,832,13.866666666666667,138.66666666666666,6,6,8.333333333333334,2.1666666666666665,Poor,54,Medium,33,98,96,Healthy,10,23,24
Movie,Disney+,Mobile App,SD,334,5.566666666666666,111.33333333333333,3,3,7.333333333333333,3.3333333333333335,Poor,50,Low,16,98,96,Healthy,10,13,3
Movie,Disney+,Set-Top Box,4K,749,12.483333333333333,107.0,7,7,6.0,3.2857142857142856,Poor,59,High,38,98,99,Healthy,10,26,25
Movie,Disney+,Set-Top Box,HD,555,9.25,185.0,3,3,7.0,4.0,Poor,62,Low,16,98,99,Healthy,10,13,0
Movie,Disney+,Set-Top Box,SD,616,10.266666666666667,123.2,5,5,6.0,2.8,Poor,54,Low,27,98,99,Healthy,10,20,16
Movie,Disney+,Smart Tv,4K,667,11.116666666666667,166.75,4,4,8.5,2.75,Poor,56,Low,22,98,95,Healthy,10,17,11
Movie,Disney+,Smart Tv,HD,873,14.55,124.71428571428571,7,7,7.428571428571429,2.5714285714285716,Poor,56,High,38,98,95,Healthy,10,26,28
Movie,Disney+,Smart Tv,SD,1088,18.133333333333333,155.42857142857142,7,7,8.428571428571429,2.5714285714285716,Poor,60,High,38,98,95,Healthy,10,26,28
Movie,Disney+,Tablet,4K,935,15.583333333333334,116.875,8,8,6.75,2.5,Poor,57,High,44,98,96,Healthy,10,30,34
Movie,Disney+,Tablet,HD,991,16.516666666666666,110.11111111111111,9,9,5.1634440626193205,3.2222222222222223,Poor,62,Viral,50,98,96,Healthy,10,34,37
Movie,Disney+,Tablet,SD,816,13.6,163.2,5,5,7.8,2.6,Poor,57,Low,27,98,96,Healthy,10,20,17
Movie,Espn,Laptop,4K,1130,18.833333333333332,161.42857142857142,7,7,4.285714285714286,3.142857142857143,Fair,64,High,38,98,100,Healthy,10,26,26
Movie,Espn,Laptop,HD,209,3.4833333333333334,69.66666666666667,3,3,7.0,3.6666666666666665,Poor,48,Low,16,98,100,At_Risk,10,13,1
Movie,Espn,Laptop,SD,512,8.533333333333333,128.0,4,4,6.25,2.75,Poor,51,Low,22,98,100,Healthy,10,17,11
Movie,Espn,Mobile App,4K,884,14.733333333333333,126.28571428571429,7,7,3.142857142857143,3.857142857142857,Fair,64,High,38,98,96,Healthy,10,26,23
Movie,Espn,Mobile App,HD,558,9.3,79.71428571428571,7,7,7.352999509081983,2.5714285714285716,Poor,52,High,38,98,96,Healthy,10,26,28
Movie,Espn,Mobile App,SD,1350,22.5,168.75,8,8,9.125,3.75,Poor,70,High,44,98,96,Healthy,10,30,29
Movie,Espn,Set-Top Box,4K,1186,19.766666666666666,131.77777777777777,9,9,7.607888507063764,2.888888888888889,Poor,62,Viral,50,98,99,Healthy,10,34,38
Movie,Espn,Set-Top Box,HD,519,8.65,173.0,3,3,8.666666666666666,3.6666666666666665,Poor,59,Low,16,98,99,Healthy,10,13,1
Movie,Espn,Set-Top Box,SD,933,15.55,116.625,8,8,10.25,3.375,Poor,62,High,44,98,99,Healthy,10,30,30
Movie,Espn,Smart Tv,4K,355,5.916666666666667,88.75,4,4,8.0,2.75,Poor,47,Low,22,98,95,At_Risk,10,17,11
Movie,Espn,Smart Tv,HD,323,5.383333333333334,161.5,2,2,9.0,3.0,Poor,50,Low,11,98,95,Healthy,10,10,0
Movie,Espn,Smart Tv,SD,887,14.783333333333333,110.875,8,8,8.125,3.625,Poor,63,High,44,98,95,Healthy,10,30,29
Movie,Espn,Tablet,4K,950,15.833333333333334,118.75,8,8,7.375,2.5,Poor,57,High,44,98,96,Healthy,10,30,34
Movie,Espn,Tablet,HD,864,14.4,123.42857142857143,7,7,8.0,2.857142857142857,Poor,58,High,38,98,96,Healthy,10,26,27
Movie,Espn,Tablet,SD,1614,26.9,124.15384615384616,13,12,5.461538461538462,3.076923076923077,Poor,67,Viral,66,98,96,Healthy,10,43,59
Movie,Fox News,Laptop,4K,799,13.316666666666666,114.14285714285714,7,7,8.285714285714286,3.142857142857143,Poor,59,High,38,98,100,Healthy,10,26,26
Movie,Fox News,Laptop,HD,564,9.4,112.8,5,5,6.0,3.4,Poor,56,Low,27,98,100,Healthy,10,20,14
Movie,Fox News,Laptop,SD,1043,17.383333333333333,115.88888888888889,9,9,7.777777777777778,3.4444444444444446,Poor,64,Viral,50,98,100,Healthy,10,34,36
Movie,Fox News,Mobile App,4K,324,5.4,108.0,3,3,5.333333333333333,3.3333333333333335,Poor,50,Low,16,98,96,Healthy,10,13,3
Movie,Fox News,Mobile App,HD,497,8.283333333333333,99.4,5,5,2.4,2.8,Fair,51,Low,27,98,96,Healthy,10,20,16
Movie,Fox News,Mobile App,SD,397,6.616666666666666,79.4,5,5,11.8,3.0,Poor,50,Low,27,98,96,Healthy,10,20,15
Movie,Fox News,Set-Top Box,4K,412,6.866666666666666,82.4,5,5,7.4,2.8,Poor,49,Low,27,98,99,At_Risk,10,20,16
Movie,Fox News,Set-Top Box,HD,230,3.8333333333333335,115.0,2,2,7.5,3.5,Poor,48,Low,11,98,99,At_Risk,10,10,0
Movie,Fox News,Set-Top Box,SD,612,10.2,122.4,5,5,6.0,3.4,Poor,57,Low,27,98,99,Healthy,10,20,14
Movie,Fox News,Smart Tv,4K,1094,18.233333333333334,156.28571428571428,7,7,5.285714285714286,3.4285714285714284,Poor,65,High,38,98,95,Healthy,10,26,25
Movie,Fox News,Smart Tv,HD,297,4.95,99.0,3,3,4.0,3.0,Fair,47,Low,16,98,95,At_Risk,10,13,4
Movie,Fox News,Smart Tv,SD,347,5.783333333333333,115.66666666666667,3,3,6.333333333333333,4.0,Poor,55,Low,16,98,95,Healthy,10,13,0
Movie,Fox News,Tablet,4K,921,15.35,102.33333333333333,9,9,10.777777777777779,3.0,Poor,60,Viral,50,98,96,Healthy,10,34,38
Movie,Fox News,Tablet,HD,1006,16.766666666666666,143.71428571428572,7,7,8.857142857142858,3.0,Poor,61,High,38,98,96,Healthy,10,26,26
Movie,Fox News,Tablet,SD,666,11.1,111.0,6,6,9.833333333333334,3.5,Poor,59,Medium,33,98,96,Healthy,10,23,19
Movie,Hbo,Laptop,4K,551,9.183333333333334,137.75,4,4,7.0,2.75,Poor,52,Low,22,98,100,Healthy,10,17,11
Movie,Hbo,Laptop,HD,837,13.95,119.57142857142857,7,7,9.428571428571429,3.7142857142857144,Poor,63,High,38,98,100,Healthy,10,26,24
Movie,Hbo,Laptop,SD,898,14.966666666666667,112.25,8,8,9.625,2.625,Poor,57,High,44,98,100,Healthy,10,30,33
Movie,Hbo,Mobile App,4K,810,13.5,202.5,4,4,3.5,2.5,Fair,58,Low,22,98,96,Healthy,10,17,12
Movie,Hbo,Mobile App,HD,442,7.366666666666666,110.5,4,4,10.0,3.0,Poor,51,Low,22,98,96,Healthy,10,17,10
Movie,Hbo,Mobile App,SD,907,15.116666666666667,113.375,8,8,6.875,3.25,Poor,61,High,44,98,96,Healthy,10,30,31
Movie,Hbo,Set-Top Box,4K,502,8.366666666666667,167.33333333333334,3,3,10.0,4.333333333333333,Poor,62,Low,16,98,99,Healthy,10,13,0
Movie,Hbo,Set-Top Box,HD,1295,21.583333333333332,161.875,8,8,4.375,3.375,Fair,67,High,44,98,99,Healthy,10,30,30
Movie,Hbo,Set-Top Box,SD,1012,16.866666666666667,126.5,8,8,7.0,3.25,Poor,62,High,44,98,99,Healthy,10,30,31
Movie,Hbo,Smart Tv,4K,1049,17.483333333333334,174.83333333333334,6,6,4.578499427262314,2.8333333333333335,Fair,61,Medium,33,98,95,Healthy,10,23,21
Movie,Hbo,Smart Tv,HD,396,6.6,132.0,3,3,9.333333333333334,2.6666666666666665,Poor,48,Low,16,98,95,At_Risk,10,13,5
Movie,Hbo,Smart Tv,SD,1636,27.266666666666666,163.6,10,10,7.2,2.6,Poor,65,Viral,55,98,95,Healthy,10,37,45
Movie,Hbo,Tablet,4K,1548,25.8,140.72727272727272,11,11,9.0,3.090909090909091,Poor,67,Viral,61,98,96,Healthy,10,40,48
Movie,Hbo,Tablet,HD,675,11.25,112.5,6,6,3.9118327605956473,3.5,Fair,59,Medium,33,98,96,Healthy,10,23,19
Movie,Hbo,Tablet,SD,621,10.35,124.2,5,5,8.2,2.2,Poor,50,Low,27,98,96,Healthy,10,20,18
Movie,Hgtv,Laptop,4K,575,9.583333333333334,95.83333333333333,6,6,6.74516609392898,2.0,Poor,48,Medium,33,98,100,At_Risk,10,23,25
Movie,Hgtv,Laptop,HD,533,8.883333333333333,133.25,4,4,4.75,2.25,Fair,49,Low,22,98,100,At_Risk,10,17,13
Movie,Hgtv,Laptop,SD,491,8.183333333333334,163.66666666666666,3,3,8.333333333333334,2.3333333333333335,Poor,50,Low,16,98,100,Healthy,10,13,7
Movie,Hgtv,Mobile App,4K,761,12.683333333333334,95.125,8,8,10.875,3.625,Poor,61,High,44,98,96,Healthy,10,30,29
Movie,Hgtv,Mobile App,HD,192,3.2,48.0,4,4,9.0,2.25,Poor,40,Low,22,98,96,At_Risk,10,17,13
Movie,Hgtv,Mobile App,SD,1257,20.95,125.7,10,10,8.4,3.2,Poor,65,Viral,55,98,96,Healthy,10,37,42
Movie,Hgtv,Set-Top Box,4K,523,8.716666666666667,87.16666666666667,6,6,9.0,3.0,Poor,53,Medium,33,98,99,Healthy,10,23,21
Movie,Hgtv,Set-Top Box,HD,1411,23.516666666666666,176.375,8,8,5.875,2.625,Poor,64,High,44,98,99,Healthy,10,30,33
Movie,Hgtv,Set-Top Box,SD,999,16.65,142.71428571428572,7,7,8.857142857142858,3.142857142857143,Poor,62,High,38,98,99,Healthy,10,26,26
Movie,Hgtv,Smart Tv,4K,217,3.6166666666666667,108.5,2,2,8.5,2.0,Poor,38,Low,11,98,95,At_Risk,10,10,3
Movie,Hgtv,Smart Tv,HD,798,13.3,133.0,6,6,4.833333333333333,2.5,Fair,55,Medium,33,98,95,Healthy,10,23,23
Movie,Hgtv,Smart Tv,SD,244,4.066666666666666,122.0,2,2,11.5,3.5,Poor,48,Low,11,98,95,At_Risk,10,10,0
Movie,Hgtv,Tablet,4K,1388,23.133333333333333,115.66666666666667,12,12,8.455916380297824,3.1666666666666665,Poor,66,Viral,66,98,96,Healthy,10,43,53
Movie,Hgtv,Tablet,HD,189,3.15,63.0,3,3,2.8236655211912947,3.6666666666666665,Fair,47,Low,16,98,96,At_Risk,10,13,1
Movie,Hgtv,Tablet,SD,1412,23.533333333333335,141.2,10,10,6.8,3.1,Poor,66,Viral,55,98,96,Healthy,10,37,43
Movie,Local Channel,Laptop,4K,1018,16.966666666666665,145.42857142857142,7,7,7.857142857142857,2.4285714285714284,Poor,58,High,38,98,100,Healthy,10,26,29
Movie,Local Channel,Laptop,HD,985,16.416666666666668,123.125,8,8,7.75,1.875,Poor,54,High,44,98,100,Healthy,10,30,36
Movie,Local Channel,Laptop,SD,394,6.566666666666666,56.285714285714285,7,7,10.0,3.7142857142857144,Poor,56,High,38,98,100,Healthy,10,26,24
Movie,Local Channel,Mobile App,4K,1200,20.0,120.0,10,10,7.3,3.0,Poor,63,Viral,55,98,96,Healthy,10,37,43
Movie,Local Channel,Mobile App,HD,933,15.55,155.5,6,6,6.833333333333333,3.0,Poor,60,Medium,33,98,96,Healthy,10,23,21
Movie,Local Channel,Mobile App,SD,63,1.05,63.0,1,1,14.0,4.0,Poor,40,Low,5,98,96,At_Risk,10,7,0
Movie,Local Channel,Set-Top Box,4K,854,14.233333333333333,170.8,5,5,5.8,3.0,Poor,60,Low,27,98,99,Healthy,10,20,15
Movie,Local Channel,Set-Top Box,HD,623,10.383333333333333,103.83333333333333,6,6,8.745166093928981,2.8333333333333335,Poor,54,Medium,33,98,99,Healthy,10,23,21
Movie,Local Channel,Set-Top Box,SD,427,7.116666666666666,106.75,4,4,8.75,3.0,Poor,51,Low,22,98,99,Healthy,10,17,10
Movie,Local Channel,Smart Tv,4K,1032,17.2,129.0,8,8,7.0588745704467355,2.375,Poor,57,High,44,98,95,Healthy,10,30,34
Movie,Local Channel,Smart Tv,HD,1206,20.1,201.0,6,6,10.333333333333334,3.1666666666666665,Poor,66,Medium,33,98,95,Healthy,10,23,20
Movie,Local Channel,Smart Tv,SD,625,10.416666666666666,104.16666666666667,6,6,9.5,2.6666666666666665,Poor,53,Medium,33,98,95,Healthy,10,23,22
Movie,Local Channel,Tablet,4K,766,12.766666666666667,109.42857142857143,7,7,6.0,4.142857142857143,Poor,64,High,38,98,96,Healthy,10,26,22
Movie,Local Channel,Tablet,HD,664,11.066666666666666,132.8,5,5,8.2,3.2,Poor,57,Low,27,98,96,Healthy,10,20,14
Movie,Local Channel,Tablet,SD,1438,23.966666666666665,159.77777777777777,9,9,8.11111111111111,3.111111111111111,Poor,66,Viral,50,98,96,Healthy,10,34,37
Movie,Nbc,Laptop,4K,690,11.5,138.0,5,5,9.6,2.8,Poor,55,Low,27,98,100,Healthy,10,20,16
Movie,Nbc,Laptop,HD,256,4.266666666666667,128.0,2,2,7.0,4.5,Poor,55,Low,11,98,100,Healthy,10,10,0
Movie,Nbc,Laptop,SD,549,9.15,91.5,6,6,10.0,2.5,Poor,51,Medium,33,98,100,Healthy,10,23,23
Movie,Nbc,Mobile App,4K,867,14.45,108.375,8,8,9.0,2.875,Poor,58,High,44,98,96,Healthy,10,30,32
Movie,Nbc,Mobile App,HD,693,11.55,138.6,5,5,5.6,3.8,Poor,61,Low,27,98,96,Healthy,10,20,12
Movie,Nbc,Mobile App,SD,982,16.366666666666667,122.75,8,8,9.875,2.5,Poor,57,High,44,98,96,Healthy,10,30,34
Movie,Nbc,Set-Top Box,4K,581,9.683333333333334,96.83333333333333,6,6,4.166666666666667,3.5,Fair,57,Medium,33,98,99,Healthy,10,23,19
Movie,Nbc,Set-Top Box,HD,900,15.0,112.5,8,8,7.625,3.0,Poor,59,High,44,98,99,Healthy,10,30,32
Movie,Nbc,Set-Top Box,SD,664,11.066666666666666,132.8,5,5,10.4,2.2,Poor,51,Low,27,98,99,Healthy,10,20,18
Movie,Nbc,Smart Tv,4K,1005,16.75,143.57142857142858,7,7,7.857142857142857,2.7142857142857144,Poor,59,High,38,98,95,Healthy,10,26,28
Movie,Nbc,Smart Tv,HD,494,8.233333333333333,70.57142857142857,7,7,5.285714285714286,3.5714285714285716,Poor,57,High,38,98,95,Healthy,10,26,24
Movie,Nbc,Smart Tv,SD,662,11.033333333333333,110.33333333333333,6,6,4.833333333333333,3.3333333333333335,Fair,58,Medium,33,98,95,Healthy,10,23,19
Movie,Nbc,Tablet,4K,962,16.033333333333335,106.88888888888889,9,9,6.222222222222222,3.0,Poor,60,Viral,50,98,96,Healthy,10,34,38
Movie,Nbc,Tablet,HD,1594,26.566666666666666,144.9090909090909,11,11,6.7272727272727275,3.090909090909091,Poor,67,Viral,61,98,96,Healthy,10,40,48
Movie,Nbc,Tablet,SD,741,12.35,92.625,8,8,8.0,3.25,Poor,59,High,44,98,96,Healthy,10,30,31
Movie,Netflix,Laptop,4K,992,16.533333333333335,124.0,8,8,7.625,3.5,Poor,63,High,44,98,100,Healthy,10,30,30
Movie,Netflix,Laptop,HD,942,15.7,104.66666666666667,9,9,5.555555555555555,2.6666666666666665,Poor,58,Viral,50,98,100,Healthy,10,34,39
Movie,Netflix,Laptop,SD,640,10.666666666666666,80.0,8,8,7.0,2.125,Poor,51,High,44,98,100,Healthy,10,30,35
Movie,Netflix,Mobile App,4K,1536,25.6,139.63636363636363,11,11,6.588272414870354,2.6363636363636362,Poor,64,Viral,61,98,96,Healthy,10,40,50
Movie,Netflix,Mobile App,HD,479,7.983333333333333,59.875,8,8,8.125,3.0,Poor,54,High,44,98,96,Healthy,10,30,32
Movie,Netflix,Mobile App,SD,540,9.0,135.0,4,4,7.25,1.75,Poor,46,Low,22,98,96,At_Risk,10,17,15
Movie,Netflix,Set-Top Box,4K,188,3.1333333333333333,47.0,4,4,9.75,1.25,Poor,34,Low,22,98,99,At_Risk,10,17,17
Movie,Netflix,Set-Top Box,HD,1380,23.0,153.33333333333334,9,9,5.666666666666667,2.7777777777777777,Poor,64,Viral,50,98,99,Healthy,10,34,38
Movie,Netflix,Set-Top Box,SD,1044,17.4,116.0,9,9,4.555555555555555,3.0,Fair,61,Viral,50,98,99,Healthy,10,34,38
Movie,Netflix,Smart Tv,4K,171,2.85,85.5,2,2,8.0,2.5,Poor,38,Low,11,98,95,At_Risk,10,10,1
Movie,Netflix,Smart Tv,HD,1010,16.833333333333332,144.28571428571428,7,7,8.428571428571429,2.7142857142857144,Poor,59,High,38,98,95,Healthy,10,26,28
Movie,Netflix,Smart Tv,SD,994,16.566666666666666,198.8,5,5,4.2,2.0,Fair,57,Low,27,98,95,Healthy,10,20,19
Movie,Netflix,Tablet,4K,547,9.116666666666667,136.75,4,4,7.867749140893471,3.0,Poor,54,Low,22,98,96,Healthy,10,17,10
Movie,Netflix,Tablet,HD,1113,18.55,139.125,8,8,7.875,2.875,Poor,61,High,44,98,96,Healthy,10,30,32
Movie,Netflix,Tablet,SD,941,15.683333333333334,134.42857142857142,7,7,10.0,3.2857142857142856,Poor,62,High,38,98,96,Healthy,10,26,25
Movie,Showtime,Laptop,4K,1031,17.183333333333334,171.83333333333334,6,6,8.333333333333334,3.1666666666666665,Poor,63,Medium,33,98,100,Healthy,10,23,20
Movie,Showtime,Laptop,HD,524,8.733333333333333,65.5,8,8,8.0,2.875,Poor,54,High,44,98,100,Healthy,10,30,32
Movie,Showtime,Laptop,SD,779,12.983333333333333,97.375,8,8,8.0,2.875,Poor,57,High,44,98,100,Healthy,10,30,32
Movie,Showtime,Mobile App,4K,1310,21.833333333333332,163.75,8,8,3.75,3.375,Fair,67,High,44,98,96,Healthy,10,30,30
Movie,Showtime,Mobile App,HD,1085,18.083333333333332,120.55555555555556,9,9,8.222222222222221,2.6666666666666665,Poor,60,Viral,50,98,96,Healthy,10,34,39
Movie,Showtime,Mobile App,SD,811,13.516666666666667,162.2,5,5,6.8,2.6,Poor,57,Low,27,98,96,Healthy,10,20,17
Movie,Showtime,Set-Top Box,4K,1896,31.6,145.84615384615384,13,13,7.2263071636267515,3.3076923076923075,Poor,71,Viral,72,98,99,Healthy,10,47,58
Movie,Showtime,Set-Top Box,HD,935,15.583333333333334,103.88888888888889,9,9,7.0,2.888888888888889,Poor,59,Viral,50,98,99,Healthy,10,34,38
Movie,Showtime,Set-Top Box,SD,735,12.25,122.5,6,6,7.0,2.5,Poor,54,Medium,33,98,99,Healthy,10,23,23
Movie,Showtime,Smart Tv,4K,736,12.266666666666667,147.2,5,5,6.2,2.8,Poor,56,Low,27,98,95,Healthy,10,20,16
Movie,Showtime,Smart Tv,HD,899,14.983333333333333,128.42857142857142,7,7,7.210142366224841,3.4285714285714284,Poor,62,High,38,98,95,Healthy,10,26,25
Movie,Showtime,Smart Tv,SD,738,12.3,105.42857142857143,7,7,3.924428080510555,3.2857142857142856,Fair,59,High,38,98,95,Healthy,10,26,25
Movie,Showtime,Tablet,4K,689,11.483333333333333,137.8,5,5,10.6,3.0,Poor,56,Low,27,98,96,Healthy,10,20,15
Movie,Showtime,Tablet,HD,891,14.85,148.5,6,6,7.666666666666667,2.6666666666666665,Poor,58,Medium,33,98,96,Healthy,10,23,22
Movie,Showtime,Tablet,SD,427,7.116666666666666,142.33333333333334,3,3,10.0,3.6666666666666665,Poor,55,Low,16,98,96,Healthy,10,13,1
News,Abc,Laptop,4K,863,14.383333333333333,123.28571428571429,7,7,8.0,2.0,Poor,53,High,38,99,100,Healthy,10,26,30
News,Abc,Laptop,HD,226,3.7666666666666666,226.0,1,1,9.0,3.0,Poor,51,Low,5,99,100,Healthy,10,7,0
News,Abc,Laptop,SD,584,9.733333333333333,116.8,5,5,1.6,2.8,Good,53,Low,27,99,100,Healthy,10,20,16
News,Abc,Mobile App,4K,590,9.833333333333334,147.5,4,4,5.5,3.0,Poor,55,Low,22,99,96,Healthy,10,17,10
News,Abc,Mobile App,HD,803,13.383333333333333,133.83333333333334,6,6,6.666666666666667,3.1666666666666665,Poor,59,Medium,33,99,96,Healthy,10,23,20
News,Abc,Mobile App,SD,228,3.8,57.0,4,4,4.25,3.5,Fair,48,Low,22,99,96,At_Risk,10,17,8
News,Abc,Set-Top Box,4K,1577,26.283333333333335,143.36363636363637,11,11,7.497363323961263,2.727272727272727,Poor,65,Viral,61,99,99,Healthy,10,40,50
News,Abc,Set-Top Box,HD,942,15.7,134.57142857142858,7,7,9.285714285714286,3.7142857142857144,Poor,64,High,38,99,99,Healthy,10,26,24
News,Abc,Set-Top Box,SD,512,8.533333333333333,102.4,5,5,9.6,1.8,Poor,45,Low,27,99,99,At_Risk,10,20,20
News,Abc,Smart Tv,4K,782,13.033333333333333,156.4,5,5,13.2,2.8,Poor,57,Low,27,99,95,Healthy,10,20,16
News,Abc,Smart Tv,HD,561,9.35,112.2,5,5,5.0,1.6,Fair,45,Low,27,99,95,At_Risk,10,20,21
News,Abc,Smart Tv,SD,947,15.783333333333333,135.28571428571428,7,7,7.285714285714286,3.0,Poor,60,High,38,99,95,Healthy,10,26,26
News,Abc,Tablet,4K,462,7.7,154.0,3,3,6.333333333333333,3.0,Poor,53,Low,16,99,96,Healthy,10,13,4
News,Abc,Tablet,HD,657,10.95,164.25,4,4,7.75,3.0,Poor,57,Low,22,99,96,Healthy,10,17,10
News,Abc,Tablet,SD,891,14.85,148.5,6,6,7.666666666666667,3.5,Poor,63,Medium,33,99,96,Healthy,10,23,19
News,Amc,Laptop,4K,686,11.433333333333334,171.5,4,4,4.235498281786942,3.25,Fair,59,Low,22,99,100,Healthy,10,17,9
News,Amc,Laptop,HD,704,11.733333333333333,88.0,8,8,9.0,3.0,Poor,57,High,44,99,100,Healthy,10,30,32
News,Amc,Laptop,SD,471,7.85,78.5,6,6,5.166666666666667,2.3333333333333335,Poor,48,Medium,33,99,100,At_Risk,10,23,23
News,Amc,Mobile App,4K,1027,17.116666666666667,128.375,8,8,9.625,3.375,Poor,63,High,44,99,96,Healthy,10,30,30
News,Amc,Mobile App,HD,2007,33.45,182.45454545454547,11,11,9.363636363636363,3.090909090909091,Poor,71,Viral,61,99,96,Healthy,10,40,48
News,Amc,Mobile App,SD,1545,25.75,140.45454545454547,11,11,10.497363323961263,2.727272727272727,Poor,64,Viral,61,99,96,Healthy,10,40,50
News,Amc,Set-Top Box,4K,1601,26.683333333333334,160.1,10,10,6.9,3.1,Poor,68,Viral,55,99,99,Healthy,10,37,43
News,Amc,Set-Top Box,HD,873,14.55,124.71428571428571,7,7,7.714285714285714,2.5714285714285716,Poor,56,High,38,99,99,Healthy,10,26,28
News,Amc,Set-Top Box,SD,739,12.316666666666666,123.16666666666667,6,6,8.0,3.1666666666666665,Poor,58,Medium,33,99,99,Healthy,10,23,20
News,Amc,Smart Tv,4K,332,5.533333333333333,66.4,5,5,5.8,2.8,Poor,48,Low,27,99,95,At_Risk,10,20,16
News,Amc,Smart Tv,HD,652,10.866666666666667,130.4,5,5,4.8,2.8,Fair,54,Low,27,99,95,Healthy,10,20,16
News,Amc,Smart Tv,SD,696,11.6,139.2,5,5,7.4,2.6,Poor,54,Low,27,99,95,Healthy,10,20,17
News,Amc,Tablet,4K,797,13.283333333333333,132.83333333333334,6,6,4.833333333333333,2.3333333333333335,Fair,54,Medium,33,99,96,Healthy,10,23,23
News,Amc,Tablet,HD,392,6.533333333333333,98.0,4,4,3.25,4.0,Fair,56,Low,22,99,96,Healthy,10,17,6
News,Amc,Tablet,SD,500,8.333333333333334,166.66666666666666,3,3,12.666666666666666,2.3333333333333335,Poor,50,Low,16,99,96,Healthy,10,13,7
News,Cbs,Laptop,4K,458,7.633333333333334,76.33333333333333,6,6,8.911832760595647,3.1666666666666665,Poor,53,Medium,33,99,100,Healthy,10,23,20
News,Cbs,Laptop,HD,384,6.4,128.0,3,3,11.333333333333334,2.6666666666666665,Poor,48,Low,16,99,100,At_Risk,10,13,5
News,Cbs,Laptop,SD,624,10.4,124.8,5,5,8.8,3.6,Poor,59,Low,27,99,100,Healthy,10,20,13
News,Cbs,Mobile App,4K,1552,25.866666666666667,141.0909090909091,11,11,5.860999687597626,3.0,Poor,66,Viral,61,99,96,Healthy,10,40,49
News,Cbs,Mobile App,HD,634,10.566666666666666,90.57142857142857,7,7,6.714285714285714,2.7142857142857144,Poor,54,High,38,99,96,Healthy,10,26,28
News,Cbs,Mobile App,SD,1149,19.15,143.625,8,8,5.75,3.125,Poor,63,High,44,99,96,Healthy,10,30,31
News,Cbs,Set-Top Box,4K,741,12.35,105.85714285714286,7,7,7.9244280805105545,3.857142857142857,Poor,62,High,38,99,99,Healthy,10,26,23
News,Cbs,Set-Top Box,HD,310,5.166666666666667,44.285714285714285,7,7,8.142857142857142,3.142857142857143,Poor,51,High,38,99,99,Healthy,10,26,26
News,Cbs,Set-Top Box,SD,310,5.166666666666667,155.0,2,2,4.0,2.5,Fair,46,Low,11,99,99,At_Risk,10,10,1
News,Cbs,Smart Tv,4K,1015,16.916666666666668,169.16666666666666,6,6,6.166666666666667,2.5,Poor,59,Medium,33,99,95,Healthy,10,23,23
News,Cbs,Smart Tv,HD,1173,19.55,106.63636363636364,11,11,9.497363323961261,2.8181818181818183,Poor,61,Viral,61,99,95,Healthy,10,40,49
News,Cbs,Smart Tv,SD,1276,21.266666666666666,141.77777777777777,9,9,5.385666284841543,3.0,Poor,64,Viral,50,99,95,Healthy,10,34,38
News,Cbs,Tablet,4K,754,12.566666666666666,94.25,8,8,9.25,2.75,Poor,56,High,44,99,96,Healthy,10,30,33
News,Cbs,Tablet,HD,292,4.866666666666666,97.33333333333333,3,3,9.0,3.6666666666666665,Poor,51,Low,16,99,96,Healthy,10,13,1
News,Cbs,Tablet,SD,1357,22.616666666666667,135.7,10,10,6.594199312714776,2.8,Poor,63,Viral,55,99,96,Healthy,10,37,44
News,Cnn,Laptop,4K,804,13.4,114.85714285714286,7,7,11.714285714285714,2.857142857142857,Poor,57,High,38,99,100,Healthy,10,26,27
News,Cnn,Laptop,HD,520,8.666666666666666,104.0,5,5,4.6,3.6,Fair,56,Low,27,99,100,Healthy,10,20,13
News,Cnn,Laptop,SD,881,14.683333333333334,110.125,8,8,9.0,3.5,Poor,62,High,44,99,100,Healthy,10,30,30
News,Cnn,Mobile App,4K,279,4.65,69.75,4,4,5.75,3.25,Poor,48,Low,22,99,96,At_Risk,10,17,9
News,Cnn,Mobile App,HD,310,5.166666666666667,103.33333333333333,3,3,7.0,3.3333333333333335,Poor,49,Low,16,99,96,At_Risk,10,13,3
News,Cnn,Mobile App,SD,1480,24.666666666666668,148.0,10,10,6.147099656357389,3.5,Poor,69,Viral,55,99,96,Healthy,10,37,41
News,Cnn,Set-Top Box,4K,629,10.483333333333333,125.8,5,5,5.294199312714777,4.2,Poor,62,Low,27,99,99,Healthy,10,20,10
News,Cnn,Set-Top Box,HD,1161,19.35,105.54545454545455,11,11,5.042817869415807,2.727272727272727,Poor,61,Viral,61,99,99,Healthy,10,40,50
News,Cnn,Set-Top Box,SD,1873,31.216666666666665,156.08333333333334,12,12,6.083333333333333,3.0833333333333335,Poor,69,Viral,66,99,99,Healthy,10,43,54
News,Cnn,Smart Tv,4K,169,2.816666666666667,169.0,1,1,10.0,3.0,Poor,45,Low,5,99,95,At_Risk,10,7,0
News,Cnn,Smart Tv,HD,571,9.516666666666667,95.16666666666667,6,6,7.166666666666667,2.8333333333333335,Poor,53,Medium,33,99,95,Healthy,10,23,21
News,Cnn,Smart Tv,SD,753,12.55,107.57142857142857,7,7,6.638713794796269,3.4285714285714284,Poor,60,High,38,99,95,Healthy,10,26,25
News,Cnn,Tablet,4K,1007,16.783333333333335,125.875,8,8,5.375,2.125,Poor,55,High,44,99,96,Healthy,10,30,35
News,Cnn,Tablet,HD,703,11.716666666666667,140.6,5,5,7.8,3.2,Poor,58,Low,27,99,96,Healthy,10,20,14
News,Cnn,Tablet,SD,408,6.8,136.0,3,3,7.0,3.3333333333333335,Poor,53,Low,16,99,96,Healthy,10,13,3
News,Discovery Channel,Laptop,4K,682,11.366666666666667,136.4,5,5,7.6,3.2,Poor,57,Low,27,99,100,Healthy,10,20,14
News,Discovery Channel,Laptop,HD,1174,19.566666666666666,106.72727272727273,11,11,6.454545454545454,3.4545454545454546,Poor,65,Viral,61,99,100,Healthy,10,40,47
News,Discovery Channel,Laptop,SD,758,12.633333333333333,108.28571428571429,7,7,9.857142857142858,4.428571428571429,Poor,66,High,38,99,100,Healthy,10,26,21
News,Discovery Channel,Mobile App,4K,759,12.65,126.5,6,6,6.0,3.0,Poor,57,Medium,33,99,96,Healthy,10,23,21
News,Discovery Channel,Mobile App,HD,1215,20.25,202.5,6,6,8.166666666666666,4.333333333333333,Poor,73,Medium,33,99,96,Healthy,10,23,15
News,Discovery Channel,Mobile App,SD,910,15.166666666666666,113.75,8,8,7.875,3.125,Poor,60,High,44,99,96,Healthy,10,30,31
News,Discovery Channel,Set-Top Box,4K,459,7.65,153.0,3,3,5.666666666666667,4.333333333333333,Poor,61,Low,16,99,99,Healthy,10,13,0
News,Discovery Channel,Set-Top Box,HD,838,13.966666666666667,119.71428571428571,7,7,8.285714285714286,4.0,Poor,64,High,38,99,99,Healthy,10,26,22
News,Discovery Channel,Set-Top Box,SD,743,12.383333333333333,92.875,8,8,6.9338745704467355,3.75,Poor,62,High,44,99,99,Healthy,10,30,29
News,Discovery Channel,Smart Tv,4K,424,7.066666666666666,106.0,4,4,6.25,2.75,Poor,49,Low,22,99,95,At_Risk,10,17,11
News,Discovery Channel,Smart Tv,HD,979,16.316666666666666,122.375,8,8,5.125,2.875,Poor,60,High,44,99,95,Healthy,10,30,32
News,Discovery Channel,Smart Tv,SD,758,12.633333333333333,126.33333333333333,6,6,9.333333333333334,2.8333333333333335,Poor,56,Medium,33,99,95,Healthy,10,23,21
News,Discovery Channel,Tablet,4K,775,12.916666666666666,110.71428571428571,7,7,7.142857142857143,3.4285714285714284,Poor,60,High,38,99,96,Healthy,10,26,25
News,Discovery Channel,Tablet,HD,1283,21.383333333333333,160.375,8,8,8.75,2.75,Poor,63,High,44,99,96,Healthy,10,30,33
News,Discovery Channel,Tablet,SD,1094,18.233333333333334,182.33333333333334,6,6,8.666666666666666,3.1666666666666665,Poor,64,Medium,33,99,96,Healthy,10,23,20
News,Disney+,Laptop,4K,1062,17.7,151.71428571428572,7,7,9.0,2.7142857142857144,Poor,60,High,38,99,100,Healthy,10,26,28
News,Disney+,Laptop,HD,971,16.183333333333334,121.375,8,8,8.25,2.5,Poor,57,High,44,99,100,Healthy,10,30,34
News,Disney+,Laptop,SD,921,15.35,102.33333333333333,9,9,7.555555555555555,3.0,Poor,60,Viral,50,99,100,Healthy,10,34,38
News,Disney+,Mobile App,4K,808,13.466666666666667,115.42857142857143,7,7,6.857142857142857,3.5714285714285716,Poor,61,High,38,99,96,Healthy,10,26,24
News,Disney+,Mobile App,HD,897,14.95,149.5,6,6,7.74516609392898,3.1666666666666665,Poor,61,Medium,33,99,96,Healthy,10,23,20
News,Disney+,Mobile App,SD,811,13.516666666666667,135.16666666666666,6,6,7.333333333333333,2.0,Poor,52,Medium,33,99,96,Healthy,10,23,25
News,Disney+,Set-Top Box,4K,1102,18.366666666666667,157.42857142857142,7,7,8.714285714285714,3.4285714285714284,Poor,65,High,38,99,99,Healthy,10,26,25
News,Disney+,Set-Top Box,HD,543,9.05,108.6,5,5,9.4,2.6,Poor,51,Low,27,99,99,Healthy,10,20,17
News,Disney+,Set-Top Box,SD,817,13.616666666666667,90.77777777777777,9,9,10.11111111111111,3.0,Poor,58,Viral,50,99,99,Healthy,10,34,38
News,Disney+,Smart Tv,4K,492,8.2,70.28571428571429,7,7,10.285714285714286,2.857142857142857,Poor,52,High,38,99,95,Healthy,10,26,27
News,Disney+,Smart Tv,HD,1040,17.333333333333332,104.0,10,10,9.6,3.4,Poor,63,Viral,55,99,95,Healthy,10,37,41
News,Disney+,Smart Tv,SD,651,10.85,81.375,8,8,6.125,3.125,Poor,57,High,44,99,95,Healthy,10,30,31
News,Disney+,Tablet,4K,455,7.583333333333333,113.75,4,4,5.25,3.25,Poor,53,Low,22,99,96,Healthy,10,17,9
News,Disney+,Tablet,HD,696,11.6,139.2,5,5,5.6,2.0,Poor,51,Low,27,99,96,Healthy,10,20,19
News,Disney+,Tablet,SD,1544,25.733333333333334,140.36363636363637,11,11,8.042817869415808,3.272727272727273,Poor,68,Viral,61,99,96,Healthy,10,40,48
News,Espn,Laptop,4K,1662,27.7,118.71428571428571,14,14,7.571428571428571,3.0,Poor,67,Viral,77,99,100,Healthy,10,50,65
News,Espn,Laptop,HD,606,10.1,121.2,5,5,6.6,2.6,Poor,52,Low,27,99,100,Healthy,10,20,17
News,Espn,Laptop,SD,447,7.45,74.5,6,6,10.5,3.1666666666666665,Poor,53,Medium,33,99,100,Healthy,10,23,20
News,Espn,Mobile App,4K,574,9.566666666666666,114.8,5,5,3.6,3.4,Fair,56,Low,27,99,96,Healthy,10,20,14
News,Espn,Mobile App,HD,1555,25.916666666666668,141.36363636363637,11,11,7.679181505779445,3.090909090909091,Poor,67,Viral,61,99,96,Healthy,10,40,48
News,Espn,Mobile App,SD,853,14.216666666666667,121.85714285714286,7,7,8.428571428571429,2.5714285714285716,Poor,56,High,38,99,96,Healthy,10,26,28
News,Espn,Set-Top Box,4K,519,8.65,129.75,4,4,9.5,3.0,Poor,53,Low,22,99,99,Healthy,10,17,10
News,Espn,Set-Top Box,HD,696,11.6,116.0,6,6,6.666666666666667,2.8333333333333335,Poor,55,Medium,33,99,99,Healthy,10,23,21
News,Espn,Set-Top Box,SD,434,7.233333333333333,144.66666666666666,3,3,2.3333333333333335,3.0,Fair,52,Low,16,99,99,Healthy,10,13,4
News,Espn,Smart Tv,4K,1300,21.666666666666668,108.33333333333333,12,12,9.083333333333334,2.5,Poor,61,Viral,66,99,95,Healthy,10,43,56
News,Espn,Smart Tv,HD,642,10.7,80.25,8,8,9.308874570446736,2.375,Poor,52,High,44,99,95,Healthy,10,30,34
News,Espn,Smart Tv,SD,1139,18.983333333333334,126.55555555555556,9,9,7.888888888888889,3.4444444444444446,Poor,65,Viral,50,99,95,Healthy,10,34,36
News,Espn,Tablet,4K,914,15.233333333333333,130.57142857142858,7,7,4.571428571428571,2.857142857142857,Fair,59,High,38,99,96,Healthy,10,26,27
News,Espn,Tablet,HD,950,15.833333333333334,158.33333333333334,6,6,6.5,3.5,Poor,64,Medium,33,99,96,Healthy,10,23,19
News,Espn,Tablet,SD,686,11.433333333333334,114.33333333333333,6,6,6.5,3.0,Poor,56,Medium,33,99,96,Healthy,10,23,21
News,Fox News,Laptop,4K,995,16.583333333333332,110.55555555555556,9,9,8.666666666666666,2.888888888888889,Poor,60,Viral,50,99,100,Healthy,10,34,38
News,Fox News,Laptop,HD,1129,18.816666666666666,125.44444444444444,9,9,4.777777777777778,3.0,Fair,62,Viral,50,99,100,Healthy,10,34,38
News,Fox News,Laptop,SD,870,14.5,145.0,6,6,1.8333333333333333,2.1666666666666665,Good,54,Medium,33,99,100,Healthy,10,23,24
News,Fox News,Mobile App,4K,337,5.616666666666666,84.25,4,4,5.867749140893471,2.75,Poor,47,Low,22,99,96,At_Risk,10,17,11
News,Fox News,Mobile App,HD,519,8.65,103.8,5,5,7.8,3.6,Poor,56,Low,27,99,96,Healthy,10,20,13
News,Fox News,Mobile App,SD,707,11.783333333333333,117.83333333333333,6,6,6.74516609392898,3.5,Poor,59,Medium,33,99,96,Healthy,10,23,19
News,Fox News,Set-Top Box,4K,743,12.383333333333333,123.83333333333333,6,6,6.5,3.5,Poor,60,Medium,33,99,99,Healthy,10,23,19
News,Fox News,Set-Top Box,HD,57,0.95,57.0,1,1,15.0,3.0,Poor,33,Low,5,99,99,At_Risk,10,7,0
News,Fox News,Set-Top Box,SD,248,4.133333333333334,82.66666666666667,3,3,8.333333333333334,2.6666666666666665,Poor,43,Low,16,99,99,At_Risk,10,13,5
News,Fox News,Smart Tv,4K,920,15.333333333333334,115.0,8,8,6.375,3.125,Poor,60,High,44,99,95,Healthy,10,30,31
News,Fox News,Smart Tv,HD,1480,24.666666666666668,185.0,8,8,6.875,3.625,Poor,71,High,44,99,95,Healthy,10,30,29
News,Fox News,Smart Tv,SD,477,7.95,95.4,5,5,11.4,2.6,Poor,50,Low,27,99,95,Healthy,10,20,17
News,Fox News,Tablet,4K,506,8.433333333333334,168.66666666666666,3,3,6.666666666666667,3.6666666666666665,Poor,58,Low,16,99,96,Healthy,10,13,1
News,Fox News,Tablet,HD,493,8.216666666666667,98.6,5,5,8.2,3.0,Poor,52,Low,27,99,96,Healthy,10,20,15
News,Fox News,Tablet,SD,441,7.35,73.5,6,6,6.911832760595647,3.3333333333333335,Poor,54,Medium,33,99,96,Healthy,10,23,19
News,Hbo,Laptop,4K,728,12.133333333333333,145.6,5,5,7.0,3.2,Poor,58,Low,27,99,100,Healthy,10,20,14
News,Hbo,Laptop,HD,1143,19.05,163.28571428571428,7,7,6.571428571428571,2.5714285714285716,Poor,60,High,38,99,100,Healthy,10,26,28
News,Hbo,Laptop,SD,615,10.25,123.0,5,5,5.4,4.2,Poor,62,Low,27,99,100,Healthy,10,20,10
News,Hbo,Mobile App,4K,684,11.4,97.71428571428571,7,7,10.571428571428571,3.5714285714285716,Poor,60,High,38,99,96,Healthy,10,26,24
News,Hbo,Mobile App,HD,398,6.633333333333334,99.5,4,4,6.75,2.0,Poor,44,Low,22,99,96,At_Risk,10,17,14
News,Hbo,Mobile App,SD,435,7.25,108.75,4,4,8.25,2.75,Poor,49,Low,22,99,96,At_Risk,10,17,11
News,Hbo,Set-Top Box,4K,1035,17.25,129.375,8,8,8.375,2.625,Poor,59,High,44,99,99,Healthy,10,30,33
News,Hbo,Set-Top Box,SD,764,12.733333333333333,109.14285714285714,7,7,7.571428571428571,3.4285714285714284,Poor,60,High,38,99,99,Healthy,10,26,25
News,Hbo,Smart Tv,4K,1038,17.3,207.6,5,5,7.4,2.6,Poor,61,Low,27,99,95,Healthy,10,20,17
News,Hbo,Smart Tv,HD,820,13.666666666666666,117.14285714285714,7,7,8.0,4.0,Poor,64,High,38,99,95,Healthy,10,26,22
News,Hbo,Smart Tv,SD,553,9.216666666666667,110.6,5,5,7.094199312714776,2.6,Poor,51,Low,27,99,95,Healthy,10,20,17
News,Hbo,Tablet,4K,1087,18.116666666666667,181.16666666666666,6,6,5.666666666666667,3.1666666666666665,Poor,64,Medium,33,99,96,Healthy,10,23,20
News,Hbo,Tablet,HD,1186,19.766666666666666,148.25,8,8,5.9338745704467355,2.875,Poor,62,High,44,99,96,Healthy,10,30,32
News,Hbo,Tablet,SD,815,13.583333333333334,163.0,5,5,8.6,3.4,Poor,61,Low,27,99,96,Healthy,10,20,14
News,Hgtv,Laptop,4K,253,4.216666666666667,63.25,4,4,10.25,4.5,Poor,55,Low,22,99,100,Healthy,10,17,4
News,Hgtv,Laptop,HD,1083,18.05,135.375,8,8,8.375,3.625,Poor,65,High,44,99,100,Healthy,10,30,29
News,Hgtv,Laptop,SD,1123,18.716666666666665,224.6,5,5,7.0,3.2,Poor,67,Low,27,99,100,Healthy,10,20,14
News,Hgtv,Mobile App,4K,302,5.033333333333333,100.66666666666667,3,3,8.0,2.0,Poor,41,Low,16,99,96,At_Risk,10,13,8
News,Hgtv,Mobile App,HD,1185,19.75,107.72727272727273,11,11,8.545454545454545,2.6363636363636362,Poor,60,Viral,61,99,96,Healthy,10,40,50
News,Hgtv,Mobile App,SD,1018,16.966666666666665,145.42857142857142,7,7,8.428571428571429,2.4285714285714284,Poor,58,High,38,99,96,Healthy,10,26,29
News,Hgtv,Set-Top Box,4K,1457,24.283333333333335,132.45454545454547,11,11,8.085635738831614,3.4545454545454546,Poor,68,Viral,61,99,99,Healthy,10,40,47
News,Hgtv,Set-Top Box,HD,546,9.1,91.0,6,6,6.0,2.1666666666666665,Poor,49,Medium,33,99,99,At_Risk,10,23,24
News,Hgtv,Set-Top Box,SD,584,9.733333333333333,146.0,4,4,5.0,2.25,Fair,50,Low,22,99,99,Healthy,10,17,13
News,Hgtv,Smart Tv,4K,1069,17.816666666666666,118.77777777777777,9,9,9.444444444444445,2.888888888888889,Poor,61,Viral,50,99,95,Healthy,10,34,38
News,Hgtv,Smart Tv,HD,945,15.75,135.0,7,7,6.714285714285714,3.142857142857143,Poor,61,High,38,99,95,Healthy,10,26,26
News,Hgtv,Smart Tv,SD,648,10.8,162.0,4,4,8.5,3.5,Poor,60,Low,22,99,95,Healthy,10,17,8
News,Hgtv,Tablet,4K,637,10.616666666666667,106.16666666666667,6,6,9.666666666666666,3.5,Poor,58,Medium,33,99,96,Healthy,10,23,19
News,Hgtv,Tablet,HD,369,6.15,73.8,5,5,4.8,3.0,Fair,50,Low,27,99,96,Healthy,10,20,15
News,Hgtv,Tablet,SD,890,14.833333333333334,178.0,5,5,9.0,3.0,Poor,61,Low,27,99,96,Healthy,10,20,15
News,Local Channel,Laptop,4K,1030,17.166666666666668,171.66666666666666,6,6,6.166666666666667,2.8333333333333335,Poor,61,Medium,33,99,100,Healthy,10,23,21
News,Local Channel,Laptop,HD,1291,21.516666666666666,129.1,10,10,7.1,3.1,Poor,64,Viral,55,99,100,Healthy,10,37,43
News,Local Channel,Laptop,SD,750,12.5,125.0,6,6,8.411832760595647,3.0,Poor,57,Medium,33,99,100,Healthy,10,23,21
News,Local Channel,Mobile App,4K,591,9.85,118.2,5,5,4.0,3.4,Fair,57,Low,27,99,96,Healthy,10,20,14
News,Local Channel,Mobile App,HD,397,6.616666666666666,198.5,2,2,5.735498281786942,1.0,Poor,41,Low,11,99,96,At_Risk,10,10,7
News,Local Channel,Mobile App,SD,429,7.15,85.8,5,5,10.8,2.4,Poor,47,Low,27,99,96,At_Risk,10,20,18
News,Local Channel,Set-Top Box,4K,812,13.533333333333333,90.22222222222223,9,9,8.16344406261932,2.2222222222222223,Poor,54,Viral,50,99,99,Healthy,10,34,41
News,Local Channel,Set-Top Box,HD,507,8.45,126.75,4,4,8.0,3.0,Poor,53,Low,22,99,99,Healthy,10,17,10
News,Local Channel,Set-Top Box,SD,703,11.716666666666667,140.6,5,5,5.0,2.8,Fair,56,Low,27,99,99,Healthy,10,20,16
News,Local Channel,Smart Tv,4K,147,2.45,49.0,3,3,5.333333333333333,3.0,Poor,42,Low,16,99,95,At_Risk,10,13,4
News,Local Channel,Smart Tv,HD,601,10.016666666666667,120.2,5,5,4.0,3.8,Fair,59,Low,27,99,95,Healthy,10,20,12
News,Local Channel,Smart Tv,SD,1477,24.616666666666667,123.08333333333333,12,12,6.416666666666667,4.083333333333333,Poor,72,Viral,66,99,95,Healthy,10,43,50
News,Local Channel,Tablet,4K,1252,20.866666666666667,208.66666666666666,6,6,8.166666666666666,2.8333333333333335,Poor,65,Medium,33,99,96,Healthy,10,23,21
News,Local Channel,Tablet,HD,575,9.583333333333334,95.83333333333333,6,6,6.833333333333333,3.6666666666666665,Poor,58,Medium,33,99,96,Healthy,10,23,18
News,Local Channel,Tablet,SD,1483,24.716666666666665,164.77777777777777,9,9,5.0,2.888888888888889,Fair,66,Viral,50,99,96,Healthy,10,34,38
News,Nbc,Laptop,4K,957,15.95,136.71428571428572,7,7,8.352999509081984,3.4285714285714284,Poor,63,High,38,99,100,Healthy,10,26,25
News,Nbc,Laptop,HD,1348,22.466666666666665,149.77777777777777,9,9,9.0,2.4444444444444446,Poor,61,Viral,50,99,100,Healthy,10,34,40
News,Nbc,Laptop,SD,891,14.85,127.28571428571429,7,7,9.285714285714286,2.857142857142857,Poor,58,High,38,99,100,Healthy,10,26,27
News,Nbc,Mobile App,4K,801,13.35,133.5,6,6,7.5,2.5,Poor,55,Medium,33,99,96,Healthy,10,23,23
News,Nbc,Mobile App,HD,549,9.15,137.25,4,4,5.5,3.5,Poor,57,Low,22,99,96,Healthy,10,17,8
News,Nbc,Mobile App,SD,745,12.416666666666666,124.16666666666667,6,6,11.666666666666666,2.5,Poor,54,Medium,33,99,96,Healthy,10,23,23
News,Nbc,Set-Top Box,4K,557,9.283333333333333,92.83333333333333,6,6,8.333333333333334,3.1666666666666665,Poor,55,Medium,33,99,99,Healthy,10,23,20
News,Nbc,Set-Top Box,HD,1170,19.5,97.5,12,12,5.416666666666667,3.5833333333333335,Poor,66,Viral,66,99,99,Healthy,10,43,52
News,Nbc,Set-Top Box,SD,955,15.916666666666666,106.11111111111111,9,9,6.444444444444445,3.2222222222222223,Poor,61,Viral,50,99,99,Healthy,10,34,37
News,Nbc,Smart Tv,4K,1053,17.55,117.0,9,9,7.111111111111111,3.2222222222222223,Poor,62,Viral,50,99,95,Healthy,10,34,37
News,Nbc,Smart Tv,HD,1297,21.616666666666667,144.11111111111111,9,9,7.104665903016419,2.888888888888889,Poor,63,Viral,50,99,95,Healthy,10,34,38
News,Nbc,Smart Tv,SD,408,6.8,102.0,4,4,10.0,3.5,Poor,53,Low,22,99,95,Healthy,10,17,8
News,Nbc,Tablet,4K,1210,20.166666666666668,134.44444444444446,9,9,6.385666284841543,2.3333333333333335,Poor,59,Viral,50,99,96,Healthy,10,34,40
News,Nbc,Tablet,HD,756,12.6,108.0,7,7,7.714285714285714,3.142857142857143,Poor,58,High,38,99,96,Healthy,10,26,26
News,Nbc,Tablet,SD,631,10.516666666666667,78.875,8,8,10.5,3.0,Poor,56,High,44,99,96,Healthy,10,30,32
News,Netflix,Laptop,4K,1551,25.85,141.0,11,11,8.0,3.0,Poor,66,Viral,61,99,100,Healthy,10,40,49
News,Netflix,Laptop,HD,654,10.9,93.42857142857143,7,7,4.0,2.7142857142857144,Fair,54,High,38,99,100,Healthy,10,26,28
News,Netflix,Laptop,SD,796,13.266666666666667,99.5,8,8,5.5588745704467355,2.875,Poor,57,High,44,99,100,Healthy,10,30,32
News,Netflix,Mobile App,4K,1142,19.033333333333335,190.33333333333334,6,6,11.5,2.8333333333333335,Poor,63,Medium,33,99,96,Healthy,10,23,21
News,Netflix,Mobile App,HD,1590,26.5,132.5,12,12,8.705916380297824,3.25,Poor,68,Viral,66,99,96,Healthy,10,43,53
News,Netflix,Mobile App,SD,814,13.566666666666666,116.28571428571429,7,7,11.714285714285714,2.0,Poor,52,High,38,99,96,Healthy,10,26,30
News,Netflix,Set-Top Box,4K,477,7.95,79.5,6,6,2.1666666666666665,3.5,Fair,55,Medium,33,99,99,Healthy,10,23,19
News,Netflix,Set-Top Box,HD,776,12.933333333333334,97.0,8,8,6.5,3.25,Poor,59,High,44,99,99,Healthy,10,30,31
News,Netflix,Set-Top Box,SD,1121,18.683333333333334,140.125,8,8,7.125,4.0,Poor,68,High,44,99,99,Healthy,10,30,28
News,Netflix,Smart Tv,4K,851,14.183333333333334,94.55555555555556,9,9,7.222222222222222,3.111111111111111,Poor,59,Viral,50,99,95,Healthy,10,34,37
News,Netflix,Smart Tv,HD,1973,32.88333333333333,164.41666666666666,12,12,8.122583046964492,3.5,Poor,73,Viral,66,99,95,Healthy,10,43,52
News,Netflix,Smart Tv,SD,328,5.466666666666667,164.0,2,2,11.0,4.0,Poor,56,Low,11,99,95,Healthy,10,10,0
News,Netflix,Tablet,4K,930,15.5,116.25,8,8,8.625,3.0,Poor,60,High,44,99,96,Healthy,10,30,32
News,Netflix,Tablet,HD,562,9.366666666666667,80.28571428571429,7,7,9.428571428571429,2.857142857142857,Poor,53,High,38,99,96,Healthy,10,26,27
News,Netflix,Tablet,SD,1194,19.9,119.4,10,10,7.4,3.1,Poor,63,Viral,55,99,96,Healthy,10,37,43
News,Showtime,Laptop,4K,171,2.85,57.0,3,3,6.666666666666667,2.3333333333333335,Poor,38,Low,16,99,100,At_Risk,10,13,7
News,Showtime,Laptop,HD,426,7.1,106.5,4,4,8.25,2.5,Poor,48,Low,22,99,100,At_Risk,10,17,12
News,Showtime,Laptop,SD,911,15.183333333333334,130.14285714285714,7,7,8.285714285714286,2.857142857142857,Poor,59,High,38,99,100,Healthy,10,26,27
News,Showtime,Mobile App,4K,1089,18.15,108.9,10,10,5.047099656357388,3.4,Poor,64,Viral,55,99,96,Healthy,10,37,41
News,Showtime,Mobile App,HD,1570,26.166666666666668,157.0,10,10,5.247099656357388,3.4,Poor,69,Viral,55,99,96,Healthy,10,37,41
News,Showtime,Mobile App,SD,519,8.65,129.75,4,4,5.0,3.25,Fair,55,Low,22,99,96,Healthy,10,17,9
News,Showtime,Set-Top Box,4K,488,8.133333333333333,97.6,5,5,10.6,3.6,Poor,56,Low,27,99,99,Healthy,10,20,13
News,Showtime,Set-Top Box,HD,467,7.783333333333333,93.4,5,5,7.4,2.6,Poor,49,Low,27,99,99,At_Risk,10,20,17
News,Showtime,Set-Top Box,SD,183,3.05,61.0,3,3,4.333333333333333,3.3333333333333335,Fair,45,Low,16,99,99,At_Risk,10,13,3
News,Showtime,Smart Tv,4K,444,7.4,88.8,5,5,7.4,2.8,Poor,50,Low,27,99,95,Healthy,10,20,16
News,Showtime,Smart Tv,HD,1361,22.683333333333334,113.41666666666667,12,12,12.333333333333334,3.0,Poor,64,Viral,66,99,95,Healthy,10,43,54
News,Showtime,Smart Tv,SD,1460,24.333333333333332,132.72727272727272,11,11,7.909090909090909,3.4545454545454546,Poor,68,Viral,61,99,95,Healthy,10,40,47
News,Showtime,Tablet,4K,492,8.2,82.0,6,6,6.5,3.8333333333333335,Poor,58,Medium,33,99,96,Healthy,10,23,17
News,Showtime,Tablet,HD,192,3.2,64.0,3,3,6.666666666666667,3.0,Poor,43,Low,16,99,96,At_Risk,10,13,4
News,Showtime,Tablet,SD,1077,17.95,107.7,10,10,6.2,2.9,Poor,61,Viral,55,99,96,Healthy,10,37,43
Reality Tv,Abc,Laptop,4K,873,14.55,124.71428571428571,7,7,5.571428571428571,3.142857142857143,Poor,60,High,38,98,100,Healthy,10,26,26
Reality Tv,Abc,Laptop,HD,879,14.65,109.875,8,8,6.5588745704467355,3.0,Poor,59,High,44,98,100,Healthy,10,30,32
Reality Tv,Abc,Laptop,SD,959,15.983333333333333,137.0,7,7,11.142857142857142,2.857142857142857,Poor,59,High,38,98,100,Healthy,10,26,27
Reality Tv,Abc,Mobile App,4K,861,14.35,107.625,8,8,6.875,3.5,Poor,62,High,44,98,96,Healthy,10,30,30
Reality Tv,Abc,Mobile App,HD,954,15.9,106.0,9,9,6.333333333333333,3.7777777777777777,Poor,65,Viral,50,98,96,Healthy,10,34,34
Reality Tv,Abc,Mobile App,SD,1267,21.116666666666667,126.7,10,10,8.5,3.0,Poor,63,Viral,55,98,96,Healthy,10,37,43
Reality Tv,Abc,Set-Top Box,4K,474,7.9,94.8,5,5,6.294199312714777,3.0,Poor,52,Low,27,98,99,Healthy,10,20,15
Reality Tv,Abc,Set-Top Box,HD,790,13.166666666666666,98.75,8,8,7.125,3.125,Poor,59,High,44,98,99,Healthy,10,30,31
Reality Tv,Abc,Set-Top Box,SD,480,8.0,96.0,5,5,6.2,3.0,Poor,52,Low,27,98,99,Healthy,10,20,15
Reality Tv,Abc,Smart Tv,4K,1021,17.016666666666666,113.44444444444444,9,9,3.6666666666666665,3.7777777777777777,Fair,65,Viral,50,98,95,Healthy,10,34,34
Reality Tv,Abc,Smart Tv,HD,1133,18.883333333333333,141.625,8,8,7.0,2.875,Poor,62,High,44,98,95,Healthy,10,30,32
Reality Tv,Abc,Smart Tv,SD,865,14.416666666666666,173.0,5,5,8.4,3.0,Poor,60,Low,27,98,95,Healthy,10,20,15
Reality Tv,Abc,Tablet,4K,417,6.95,104.25,4,4,6.75,3.25,Poor,52,Low,22,98,96,Healthy,10,17,9
Reality Tv,Abc,Tablet,HD,1274,21.233333333333334,127.4,10,10,6.794199312714777,2.8,Poor,62,Viral,55,98,96,Healthy,10,37,44
Reality Tv,Abc,Tablet,SD,364,6.066666666666666,72.8,5,5,8.6,3.4,Poor,52,Low,27,98,96,Healthy,10,20,14
Reality Tv,Amc,Laptop,4K,864,14.4,144.0,6,6,6.166666666666667,2.8333333333333335,Poor,58,Medium,33,98,100,Healthy,10,23,21
Reality Tv,Amc,Laptop,HD,341,5.683333333333334,85.25,4,4,11.5,3.25,Poor,50,Low,22,98,100,Healthy,10,17,9
Reality Tv,Amc,Laptop,SD,961,16.016666666666666,137.28571428571428,7,7,8.924428080510555,2.2857142857142856,Poor,56,High,38,98,100,Healthy,10,26,29
Reality Tv,Amc,Mobile App,4K,542,9.033333333333333,180.66666666666666,3,3,6.490332187857962,4.0,Poor,61,Low,16,98,96,Healthy,10,13,0
Reality Tv,Amc,Mobile App,HD,384,6.4,96.0,4,4,8.25,2.25,Poor,45,Low,22,98,96,At_Risk,10,17,13
Reality Tv,Amc,Mobile App,SD,626,10.433333333333334,89.42857142857143,7,7,7.0,2.2857142857142856,Poor,51,High,38,98,96,Healthy,10,26,29
Reality Tv,Amc,Set-Top Box,4K,1513,25.216666666666665,126.08333333333333,12,12,7.166666666666667,3.0,Poor,66,Viral,66,98,99,Healthy,10,43,54
Reality Tv,Amc,Set-Top Box,HD,1127,18.783333333333335,140.875,8,8,9.375,2.625,Poor,60,High,44,98,99,Healthy,10,30,33
Reality Tv,Amc,Set-Top Box,SD,1197,19.95,119.7,10,10,7.1,3.4,Poor,65,Viral,55,98,99,Healthy,10,37,41
Reality Tv,Amc,Smart Tv,4K,675,11.25,168.75,4,4,5.0,2.25,Fair,53,Low,22,98,95,Healthy,10,17,13
Reality Tv,Amc,Smart Tv,HD,896,14.933333333333334,128.0,7,7,5.638713794796269,2.4285714285714284,Poor,56,High,38,98,95,Healthy,10,26,29
Reality Tv,Amc,Smart Tv,SD,621,10.35,124.2,5,5,6.0,3.6,Poor,59,Low,27,98,95,Healthy,10,20,13
Reality Tv,Amc,Tablet,4K,623,10.383333333333333,155.75,4,4,7.25,2.75,Poor,54,Low,22,98,96,Healthy,10,17,11
Reality Tv,Amc,Tablet,HD,820,13.666666666666666,164.0,5,5,5.8,3.2,Poor,60,Low,27,98,96,Healthy,10,20,14
Reality Tv,Amc,Tablet,SD,1016,16.933333333333334,127.0,8,8,7.125,3.125,Poor,62,High,44,98,96,Healthy,10,30,31
Reality Tv,Cbs,Laptop,4K,979,16.316666666666666,163.16666666666666,6,6,8.166666666666666,2.5,Poor,58,Medium,33,98,100,Healthy,10,23,23
Reality Tv,Cbs,Laptop,HD,226,3.7666666666666666,75.33333333333333,3,3,5.0,2.3333333333333335,Fair,40,Low,16,98,100,At_Risk,10,13,7
Reality Tv,Cbs,Laptop,SD,986,16.433333333333334,197.2,5,5,7.8,3.6,Poor,66,Low,27,98,100,Healthy,10,20,13
Reality Tv,Cbs,Mobile App,4K,551,9.183333333333334,137.75,4,4,8.25,3.0,Poor,54,Low,22,98,96,Healthy,10,17,10
Reality Tv,Cbs,Mobile App,HD,988,16.466666666666665,123.5,8,8,6.4338745704467355,3.5,Poor,63,High,44,98,96,Healthy,10,30,30
Reality Tv,Cbs,Mobile App,SD,615,10.25,102.5,6,6,5.411832760595647,2.6666666666666665,Poor,53,Medium,33,98,96,Healthy,10,23,22
Reality Tv,Cbs,Set-Top Box,4K,908,15.133333333333333,113.5,8,8,7.375,2.625,Poor,57,High,44,98,99,Healthy,10,30,33
Reality Tv,Cbs,Set-Top Box,HD,526,8.766666666666667,131.5,4,4,10.0,3.25,Poor,55,Low,22,98,99,Healthy,10,17,9
Reality Tv,Cbs,Set-Top Box,SD,922,15.366666666666667,184.4,5,5,6.6,2.2,Poor,57,Low,27,98,99,Healthy,10,20,18
Reality Tv,Cbs,Smart Tv,4K,825,13.75,165.0,5,5,9.2,3.6,Poor,63,Low,27,98,95,Healthy,10,20,13
Reality Tv,Cbs,Smart Tv,HD,412,6.866666666666666,51.5,8,8,5.9338745704467355,2.75,Poor,51,High,44,98,95,Healthy,10,30,33
Reality Tv,Cbs,Smart Tv,SD,468,7.8,156.0,3,3,8.333333333333334,2.6666666666666665,Poor,51,Low,16,98,95,Healthy,10,13,5
Reality Tv,Cbs,Tablet,4K,773,12.883333333333333,193.25,4,4,7.0,3.5,Poor,63,Low,22,98,96,Healthy,10,17,8
Reality Tv,Cbs,Tablet,HD,1356,22.6,193.71428571428572,7,7,7.428571428571429,1.7142857142857142,Poor,59,High,38,98,96,Healthy,10,26,32
Reality Tv,Cbs,Tablet,SD,565,9.416666666666666,94.16666666666667,6,6,6.666666666666667,3.8333333333333335,Poor,59,Medium,33,98,96,Healthy,10,23,17
Reality Tv,Cnn,Laptop,4K,587,9.783333333333333,117.4,5,5,4.894199312714777,3.4,Fair,57,Low,27,98,100,Healthy,10,20,14
Reality Tv,Cnn,Laptop,HD,1268,21.133333333333333,158.5,8,8,6.0,2.375,Poor,60,High,44,98,100,Healthy,10,30,34
Reality Tv,Cnn,Laptop,SD,992,16.533333333333335,165.33333333333334,6,6,8.666666666666666,3.8333333333333335,Poor,66,Medium,33,98,100,Healthy,10,23,17
Reality Tv,Cnn,Mobile App,4K,483,8.05,60.375,8,8,6.6838745704467355,3.0,Poor,54,High,44,98,96,Healthy,10,30,32
Reality Tv,Cnn,Mobile App,HD,1074,17.9,119.33333333333333,9,9,8.666666666666666,3.2222222222222223,Poor,63,Viral,50,98,96,Healthy,10,34,37
Reality Tv,Cnn,Mobile App,SD,1247,20.783333333333335,124.7,10,10,8.4,3.2,Poor,64,Viral,55,98,96,Healthy,10,37,42
Reality Tv,Cnn,Set-Top Box,4K,1046,17.433333333333334,104.6,10,10,6.141298969072165,2.6,Poor,59,Viral,55,98,99,Healthy,10,37,45
Reality Tv,Cnn,Set-Top Box,HD,1200,20.0,171.42857142857142,7,7,8.21014236622484,3.2857142857142856,Poor,66,High,38,98,99,Healthy,10,26,25
Reality Tv,Cnn,Set-Top Box,SD,950,15.833333333333334,118.75,8,8,7.0588745704467355,3.0,Poor,60,High,44,98,99,Healthy,10,30,32
Reality Tv,Cnn,Smart Tv,4K,165,2.75,82.5,2,2,2.0,3.0,Good,41,Low,11,98,95,At_Risk,10,10,0
Reality Tv,Cnn,Smart Tv,HD,740,12.333333333333334,123.33333333333333,6,6,8.666666666666666,3.6666666666666665,Poor,61,Medium,33,98,95,Healthy,10,23,18
Reality Tv,Cnn,Smart Tv,SD,819,13.65,117.0,7,7,8.428571428571429,2.5714285714285716,Poor,56,High,38,98,95,Healthy,10,26,28
Reality Tv,Cnn,Tablet,4K,926,15.433333333333334,115.75,8,8,6.1838745704467355,2.625,Poor,57,High,44,98,96,Healthy,10,30,33
Reality Tv,Cnn,Tablet,HD,1768,29.466666666666665,160.72727272727272,11,11,7.8609996875976265,2.727272727272727,Poor,67,Viral,61,98,96,Healthy,10,40,50
Reality Tv,Cnn,Tablet,SD,651,10.85,93.0,7,7,5.142857142857143,1.8571428571428572,Poor,49,High,38,98,96,At_Risk,10,26,31
Reality Tv,Discovery Channel,Laptop,4K,591,9.85,147.75,4,4,6.5,3.75,Poor,59,Low,22,98,100,Healthy,10,17,7
Reality Tv,Discovery Channel,Laptop,HD,1307,21.783333333333335,163.375,8,8,6.125,3.0,Poor,65,High,44,98,100,Healthy,10,30,32
Reality Tv,Discovery Channel,Laptop,SD,452,7.533333333333333,113.0,4,4,9.5,2.75,Poor,50,Low,22,98,100,Healthy,10,17,11
Reality Tv,Discovery Channel,Mobile App,4K,466,7.766666666666667,155.33333333333334,3,3,10.666666666666666,2.6666666666666665,Poor,51,Low,16,98,96,Healthy,10,13,5
Reality Tv,Discovery Channel,Mobile App,HD,520,8.666666666666666,130.0,4,4,6.25,3.25,Poor,55,Low,22,98,96,Healthy,10,17,9
Reality Tv,Discovery Channel,Mobile App,SD,921,15.35,184.2,5,5,9.094199312714776,2.8,Poor,60,Low,27,98,96,Healthy,10,20,16
Reality Tv,Discovery Channel,Set-Top Box,4K,296,4.933333333333334,98.66666666666667,3,3,8.666666666666666,3.0,Poor,47,Low,16,98,99,At_Risk,10,13,4
Reality Tv,Discovery Channel,Set-Top Box,HD,840,14.0,120.0,7,7,6.428571428571429,2.7142857142857144,Poor,57,High,38,98,99,Healthy,10,26,28
Reality Tv,Discovery Channel,Set-Top Box,SD,731,12.183333333333334,91.375,8,8,5.5,2.5,Poor,54,High,44,98,99,Healthy,10,30,34
Reality Tv,Discovery Channel,Smart Tv,4K,636,10.6,106.0,6,6,9.5,3.1666666666666665,Poor,56,Medium,33,98,95,Healthy,10,23,20
Reality Tv,Discovery Channel,Smart Tv,HD,407,6.783333333333333,135.66666666666666,3,3,12.0,2.6666666666666665,Poor,49,Low,16,98,95,At_Risk,10,13,5
Reality Tv,Discovery Channel,Smart Tv,SD,789,13.15,157.8,5,5,11.6,3.4,Poor,61,Low,27,98,95,Healthy,10,20,14
Reality Tv,Discovery Channel,Tablet,4K,506,8.433333333333334,84.33333333333333,6,6,6.833333333333333,2.5,Poor,50,Medium,33,98,96,Healthy,10,23,23
Reality Tv,Discovery Channel,Tablet,HD,1223,20.383333333333333,122.3,10,10,6.2,3.2,Poor,64,Viral,55,98,96,Healthy,10,37,42
Reality Tv,Discovery Channel,Tablet,SD,650,10.833333333333334,162.5,4,4,5.5,4.0,Poor,63,Low,22,98,96,Healthy,10,17,6
Reality Tv,Disney+,Laptop,4K,1064,17.733333333333334,152.0,7,7,7.067285223367698,3.142857142857143,Poor,63,High,38,98,100,Healthy,10,26,26
Reality Tv,Disney+,Laptop,HD,1402,23.366666666666667,127.45454545454545,11,11,8.951908778506718,3.272727272727273,Poor,66,Viral,61,98,100,Healthy,10,40,48
Reality Tv,Disney+,Laptop,SD,224,3.7333333333333334,74.66666666666667,3,3,9.666666666666666,3.3333333333333335,Poor,46,Low,16,98,100,At_Risk,10,13,3
Reality Tv,Disney+,Mobile App,4K,742,12.366666666666667,148.4,5,5,6.6,3.2,Poor,59,Low,27,98,96,Healthy,10,20,14
Reality Tv,Disney+,Mobile App,HD,688,11.466666666666667,137.6,5,5,9.2,3.0,Poor,56,Low,27,98,96,Healthy,10,20,15
Reality Tv,Disney+,Mobile App,SD,777,12.95,155.4,5,5,4.2,2.8,Fair,57,Low,27,98,96,Healthy,10,20,16
Reality Tv,Disney+,Set-Top Box,4K,1334,22.233333333333334,166.75,8,8,4.375,3.0,Fair,65,High,44,98,99,Healthy,10,30,32
Reality Tv,Disney+,Set-Top Box,HD,523,8.716666666666667,130.75,4,4,12.0,2.5,Poor,50,Low,22,98,99,Healthy,10,17,12
Reality Tv,Disney+,Set-Top Box,SD,304,5.066666666666666,76.0,4,4,6.75,3.75,Poor,52,Low,22,98,99,Healthy,10,17,7
Reality Tv,Disney+,Smart Tv,4K,607,10.116666666666667,101.16666666666667,6,6,7.166666666666667,3.1666666666666665,Poor,56,Medium,33,98,95,Healthy,10,23,20
Reality Tv,Disney+,Smart Tv,HD,1477,24.616666666666667,147.7,10,10,7.3,3.5,Poor,69,Viral,55,98,95,Healthy,10,37,41
Reality Tv,Disney+,Smart Tv,SD,1246,20.766666666666666,124.6,10,10,5.347099656357388,1.9,Poor,57,Viral,55,98,95,Healthy,10,37,47
Reality Tv,Disney+,Tablet,4K,1458,24.3,132.54545454545453,11,11,8.181818181818182,2.272727272727273,Poor,61,Viral,61,98,96,Healthy,10,40,52
Reality Tv,Disney+,Tablet,HD,959,15.983333333333333,95.9,10,10,7.8,2.3,Poor,56,Viral,55,98,96,Healthy,10,37,46
Reality Tv,Disney+,Tablet,SD,626,10.433333333333334,156.5,4,4,10.25,2.75,Poor,54,Low,22,98,96,Healthy,10,17,11
Reality Tv,Espn,Laptop,4K,403,6.716666666666667,100.75,4,4,6.5,2.0,Poor,44,Low,22,98,100,At_Risk,10,17,14
Reality Tv,Espn,Laptop,HD,398,6.633333333333334,79.6,5,5,8.094199312714776,3.4,Poor,53,Low,27,98,100,Healthy,10,20,14
Reality Tv,Espn,Laptop,SD,821,13.683333333333334,117.28571428571429,7,7,5.428571428571429,3.4285714285714284,Poor,61,High,38,98,100,Healthy,10,26,25
Reality Tv,Espn,Mobile App,4K,724,12.066666666666666,120.66666666666667,6,6,9.0,3.1666666666666665,Poor,58,Medium,33,98,96,Healthy,10,23,20
Reality Tv,Espn,Mobile App,HD,280,4.666666666666667,93.33333333333333,3,3,8.333333333333334,2.0,Poor,40,Low,16,98,96,At_Risk,10,13,8
Reality Tv,Espn,Mobile App,SD,1238,20.633333333333333,137.55555555555554,9,9,7.777777777777778,3.111111111111111,Poor,64,Viral,50,98,96,Healthy,10,34,37
Reality Tv,Espn,Set-Top Box,4K,944,15.733333333333333,104.88888888888889,9,9,7.888888888888889,3.6666666666666665,Poor,64,Viral,50,98,99,Healthy,10,34,35
Reality Tv,Espn,Set-Top Box,HD,1042,17.366666666666667,148.85714285714286,7,7,7.0,3.2857142857142856,Poor,63,High,38,98,99,Healthy,10,26,25
Reality Tv,Espn,Set-Top Box,SD,2134,35.56666666666667,164.15384615384616,13,13,6.882384351044146,2.769230769230769,Poor,69,Viral,72,98,99,Healthy,10,47,61
Reality Tv,Espn,Smart Tv,4K,1196,19.933333333333334,132.88888888888889,9,9,9.444444444444445,3.4444444444444446,Poor,66,Viral,50,98,95,Healthy,10,34,36
Reality Tv,Espn,Smart Tv,HD,591,9.85,147.75,4,4,7.25,3.75,Poor,59,Low,22,98,95,Healthy,10,17,7
Reality Tv,Espn,Smart Tv,SD,926,15.433333333333334,154.33333333333334,6,6,7.166666666666667,2.8333333333333335,Poor,59,Medium,33,98,95,Healthy,10,23,21
Reality Tv,Espn,Tablet,4K,1039,17.316666666666666,148.42857142857142,7,7,10.848856161021109,4.0,Poor,67,High,38,98,96,Healthy,10,26,22
Reality Tv,Espn,Tablet,HD,419,6.983333333333333,104.75,4,4,13.5,3.0,Poor,50,Low,22,98,96,Healthy,10,17,10
Reality Tv,Espn,Tablet,SD,756,12.6,94.5,8,8,4.9338745704467355,3.625,Fair,61,High,44,98,96,Healthy,10,30,29
Reality Tv,Fox News,Laptop,4K,271,4.516666666666667,135.5,2,2,6.5,2.5,Poor,44,Low,11,98,100,At_Risk,10,10,1
Reality Tv,Fox News,Laptop,HD,377,6.283333333333333,94.25,4,4,7.25,3.0,Poor,49,Low,22,98,100,At_Risk,10,17,10
Reality Tv,Fox News,Laptop,SD,1128,18.8,125.33333333333333,9,9,4.666666666666667,3.0,Fair,62,Viral,50,98,100,Healthy,10,34,38
Reality Tv,Fox News,Mobile App,4K,872,14.533333333333333,145.33333333333334,6,6,7.833333333333333,3.3333333333333335,Poor,61,Medium,33,98,96,Healthy,10,23,19
Reality Tv,Fox News,Mobile App,HD,1049,17.483333333333334,174.83333333333334,6,6,8.833333333333334,3.5,Poor,65,Medium,33,98,96,Healthy,10,23,19
Reality Tv,Fox News,Mobile App,SD,660,11.0,132.0,5,5,9.894199312714777,3.8,Poor,61,Low,27,98,96,Healthy,10,20,12
Reality Tv,Fox News,Set-Top Box,4K,1148,19.133333333333333,127.55555555555556,9,9,7.222222222222222,2.6666666666666665,Poor,60,Viral,50,98,99,Healthy,10,34,39
Reality Tv,Fox News,Set-Top Box,HD,897,14.95,128.14285714285714,7,7,9.428571428571429,2.857142857142857,Poor,58,High,38,98,99,Healthy,10,26,27
Reality Tv,Fox News,Set-Top Box,SD,569,9.483333333333333,142.25,4,4,6.5,3.5,Poor,57,Low,22,98,99,Healthy,10,17,8
Reality Tv,Fox News,Smart Tv,4K,439,7.316666666666666,109.75,4,4,8.25,3.5,Poor,54,Low,22,98,95,Healthy,10,17,8
Reality Tv,Fox News,Smart Tv,HD,1133,18.883333333333333,103.0,11,11,6.636363636363637,3.272727272727273,Poor,64,Viral,61,98,95,Healthy,10,40,48
Reality Tv,Fox News,Smart Tv,SD,781,13.016666666666667,130.16666666666666,6,6,4.166666666666667,3.3333333333333335,Fair,60,Medium,33,98,95,Healthy,10,23,19
Reality Tv,Fox News,Tablet,4K,490,8.166666666666666,163.33333333333334,3,3,6.333333333333333,1.6666666666666667,Poor,46,Low,16,98,96,At_Risk,10,13,9
Reality Tv,Fox News,Tablet,HD,683,11.383333333333333,136.6,5,5,9.2,3.2,Poor,57,Low,27,98,96,Healthy,10,20,14
Reality Tv,Fox News,Tablet,SD,926,15.433333333333334,115.75,8,8,6.25,3.0,Poor,60,High,44,98,96,Healthy,10,30,32
Reality Tv,Hbo,Laptop,4K,701,11.683333333333334,100.14285714285714,7,7,5.638713794796269,3.0,Poor,56,High,38,98,100,Healthy,10,26,26
Reality Tv,Hbo,Laptop,HD,794,13.233333333333333,158.8,5,5,4.4,2.2,Fair,54,Low,27,98,100,Healthy,10,20,18
Reality Tv,Hbo,Laptop,SD,647,10.783333333333333,107.83333333333333,6,6,7.833333333333333,1.6666666666666667,Poor,47,Medium,33,98,100,At_Risk,10,23,26
Reality Tv,Hbo,Mobile App,4K,918,15.3,153.0,6,6,10.0,3.5,Poor,63,Medium,33,98,96,Healthy,10,23,19
Reality Tv,Hbo,Mobile App,HD,1037,17.283333333333335,115.22222222222223,9,9,8.660221458571975,3.3333333333333335,Poor,63,Viral,50,98,96,Healthy,10,34,36
Reality Tv,Hbo,Mobile App,SD,1282,21.366666666666667,128.2,10,10,5.0,3.0,Fair,64,Viral,55,98,96,Healthy,10,37,43
Reality Tv,Hbo,Set-Top Box,4K,1671,27.85,167.1,10,10,10.5,3.1,Poor,68,Viral,55,98,99,Healthy,10,37,43
Reality Tv,Hbo,Set-Top Box,HD,505,8.416666666666666,126.25,4,4,5.0,2.75,Fair,51,Low,22,98,99,Healthy,10,17,11
Reality Tv,Hbo,Set-Top Box,SD,1404,23.4,200.57142857142858,7,7,6.781570937653412,3.142857142857143,Poor,68,High,38,98,99,Healthy,10,26,26
Reality Tv,Hbo,Smart Tv,4K,189,3.15,63.0,3,3,9.0,2.0,Poor,37,Low,16,98,95,At_Risk,10,13,8
Reality Tv,Hbo,Smart Tv,HD,932,15.533333333333333,103.55555555555556,9,9,4.111111111111111,3.3333333333333335,Fair,62,Viral,50,98,95,Healthy,10,34,36
Reality Tv,Hbo,Smart Tv,SD,1252,20.866666666666667,113.81818181818181,11,11,9.0,3.1818181818181817,Poor,64,Viral,61,98,95,Healthy,10,40,48
Reality Tv,Hbo,Tablet,4K,814,13.566666666666666,101.75,8,8,10.5,3.0,Poor,58,High,44,98,96,Healthy,10,30,32
Reality Tv,Hbo,Tablet,HD,277,4.616666666666666,69.25,4,4,11.75,4.0,Poor,53,Low,22,98,96,Healthy,10,17,6
Reality Tv,Hbo,Tablet,SD,988,16.466666666666665,141.14285714285714,7,7,6.285714285714286,3.5714285714285716,Poor,64,High,38,98,96,Healthy,10,26,24
Reality Tv,Hgtv,Laptop,4K,582,9.7,116.4,5,5,9.4,2.8,Poor,53,Low,27,98,100,Healthy,10,20,16
Reality Tv,Hgtv,Laptop,HD,477,7.95,95.4,5,5,9.8,2.8,Poor,51,Low,27,98,100,Healthy,10,20,16
Reality Tv,Hgtv,Laptop,SD,1065,17.75,133.125,8,8,6.875,3.0,Poor,61,High,44,98,100,Healthy,10,30,32
Reality Tv,Hgtv,Mobile App,4K,561,9.35,140.25,4,4,7.75,3.25,Poor,56,Low,22,98,96,Healthy,10,17,9
Reality Tv,Hgtv,Mobile App,HD,381,6.35,95.25,4,4,7.0,2.5,Poor,46,Low,22,98,96,At_Risk,10,17,12
Reality Tv,Hgtv,Mobile App,SD,159,2.65,79.5,2,2,7.0,3.0,Poor,41,Low,11,98,96,At_Risk,10,10,0
Reality Tv,Hgtv,Set-Top Box,4K,1193,19.883333333333333,149.125,8,8,9.308874570446736,3.5,Poor,66,High,44,98,99,Healthy,10,30,30
Reality Tv,Hgtv,Set-Top Box,HD,1031,17.183333333333334,114.55555555555556,9,9,5.941221840397098,2.888888888888889,Poor,60,Viral,50,98,99,Healthy,10,34,38
Reality Tv,Hgtv,Set-Top Box,SD,660,11.0,94.28571428571429,7,7,6.142857142857143,2.7142857142857144,Poor,54,High,38,98,99,Healthy,10,26,28
Reality Tv,Hgtv,Smart Tv,4K,695,11.583333333333334,99.28571428571429,7,7,6.428571428571429,3.4285714285714284,Poor,59,High,38,98,95,Healthy,10,26,25
Reality Tv,Hgtv,Smart Tv,HD,341,5.683333333333334,85.25,4,4,7.25,3.75,Poor,53,Low,22,98,95,Healthy,10,17,7
Reality Tv,Hgtv,Smart Tv,SD,692,11.533333333333333,86.5,8,8,8.433874570446736,2.875,Poor,56,High,44,98,95,Healthy,10,30,32
Reality Tv,Hgtv,Tablet,4K,1006,16.766666666666666,125.75,8,8,6.9338745704467355,3.125,Poor,61,High,44,98,96,Healthy,10,30,31
Reality Tv,Hgtv,Tablet,HD,533,8.883333333333333,88.83333333333333,6,6,9.0,2.8333333333333335,Poor,52,Medium,33,98,96,Healthy,10,23,21
Reality Tv,Hgtv,Tablet,SD,715,11.916666666666666,89.375,8,8,6.0,3.25,Poor,58,High,44,98,96,Healthy,10,30,31
Reality Tv,Local Channel,Laptop,4K,999,16.65,99.9,10,10,6.0,3.1,Poor,61,Viral,55,98,100,Healthy,10,37,43
Reality Tv,Local Channel,Laptop,HD,363,6.05,121.0,3,3,8.0,3.0,Poor,49,Low,16,98,100,At_Risk,10,13,4
Reality Tv,Local Channel,Laptop,SD,46,0.7666666666666667,46.0,1,1,1.0,2.0,Good,26,Low,5,98,100,At_Risk,10,7,0
Reality Tv,Local Channel,Mobile App,4K,869,14.483333333333333,217.25,4,4,4.617749140893471,2.5,Fair,59,Low,22,98,96,Healthy,10,17,12
Reality Tv,Local Channel,Mobile App,HD,954,15.9,159.0,6,6,7.666666666666667,3.6666666666666665,Poor,65,Medium,33,98,96,Healthy,10,23,18
Reality Tv,Local Channel,Mobile App,SD,441,7.35,110.25,4,4,11.25,3.75,Poor,56,Low,22,98,96,Healthy,10,17,7
Reality Tv,Local Channel,Set-Top Box,4K,1245,20.75,138.33333333333334,9,9,9.555555555555555,2.7777777777777777,Poor,62,Viral,50,98,99,Healthy,10,34,38
Reality Tv,Local Channel,Set-Top Box,HD,1311,21.85,145.66666666666666,9,9,7.111111111111111,2.888888888888889,Poor,64,Viral,50,98,99,Healthy,10,34,38
Reality Tv,Local Channel,Set-Top Box,SD,852,14.2,142.0,6,6,8.166666666666666,3.5,Poor,62,Medium,33,98,99,Healthy,10,23,19
Reality Tv,Local Channel,Smart Tv,4K,923,15.383333333333333,131.85714285714286,7,7,7.781570937653412,2.5714285714285716,Poor,57,High,38,98,95,Healthy,10,26,28
Reality Tv,Local Channel,Smart Tv,HD,447,7.45,149.0,3,3,6.666666666666667,3.3333333333333335,Poor,54,Low,16,98,95,Healthy,10,13,3
Reality Tv,Local Channel,Smart Tv,SD,583,9.716666666666667,97.16666666666667,6,6,11.0,3.1666666666666665,Poor,55,Medium,33,98,95,Healthy,10,23,20
Reality Tv,Local Channel,Tablet,4K,746,12.433333333333334,124.33333333333333,6,6,9.833333333333334,3.5,Poor,60,Medium,33,98,96,Healthy,10,23,19
Reality Tv,Local Channel,Tablet,HD,973,16.216666666666665,139.0,7,7,7.571428571428571,2.2857142857142856,Poor,56,High,38,98,96,Healthy,10,26,29
Reality Tv,Local Channel,Tablet,SD,849,14.15,121.28571428571429,7,7,8.067285223367698,3.5714285714285716,Poor,62,High,38,98,96,Healthy,10,26,24
Reality Tv,Nbc,Laptop,4K,1364,22.733333333333334,170.5,8,8,6.75,2.75,Poor,64,High,44,98,100,Healthy,10,30,33
Reality Tv,Nbc,Laptop,HD,71,1.1833333333333333,35.5,2,2,5.0,3.0,Fair,36,Low,11,98,100,At_Risk,10,10,0
Reality Tv,Nbc,Laptop,SD,1410,23.5,141.0,10,10,7.6,2.6,Poor,63,Viral,55,98,100,Healthy,10,37,45
Reality Tv,Nbc,Mobile App,4K,1255,20.916666666666668,139.44444444444446,9,9,7.444444444444445,3.111111111111111,Poor,64,Viral,50,98,96,Healthy,10,34,37
Reality Tv,Nbc,Mobile App,HD,440,7.333333333333333,110.0,4,4,7.0,3.5,Poor,54,Low,22,98,96,Healthy,10,17,8
Reality Tv,Nbc,Mobile App,SD,1185,19.75,148.125,8,8,10.375,2.75,Poor,62,High,44,98,96,Healthy,10,30,33
Reality Tv,Nbc,Set-Top Box,4K,1005,16.75,100.5,10,10,8.1,2.9,Poor,60,Viral,55,98,99,Healthy,10,37,43
Reality Tv,Nbc,Set-Top Box,HD,790,13.166666666666666,131.66666666666666,6,6,8.245166093928981,3.1666666666666665,Poor,59,Medium,33,98,99,Healthy,10,23,20
Reality Tv,Nbc,Set-Top Box,SD,722,12.033333333333333,80.22222222222223,9,9,5.111111111111111,3.0,Poor,57,Viral,50,98,99,Healthy,10,34,38
Reality Tv,Nbc,Smart Tv,4K,1522,25.366666666666667,138.36363636363637,11,11,5.7272727272727275,3.727272727272727,Poor,70,Viral,61,98,95,Healthy,10,40,46
Reality Tv,Nbc,Smart Tv,HD,516,8.6,129.0,4,4,5.5,3.0,Poor,53,Low,22,98,95,Healthy,10,17,10
Reality Tv,Nbc,Smart Tv,SD,1132,18.866666666666667,141.5,8,8,6.9338745704467355,2.5,Poor,59,High,44,98,95,Healthy,10,30,34
Reality Tv,Nbc,Tablet,4K,1464,24.4,122.0,12,12,5.666666666666667,3.5833333333333335,Poor,69,Viral,66,98,96,Healthy,10,43,52
Reality Tv,Nbc,Tablet,HD,765,12.75,191.25,4,4,7.5,4.0,Poor,66,Low,22,98,96,Healthy,10,17,6
Reality Tv,Nbc,Tablet,SD,556,9.266666666666667,111.2,5,5,3.0,2.6,Fair,51,Low,27,98,96,Healthy,10,20,17
Reality Tv,Netflix,Laptop,4K,1373,22.883333333333333,124.81818181818181,11,11,9.272727272727273,2.8181818181818183,Poor,63,Viral,61,98,100,Healthy,10,40,49
Reality Tv,Netflix,Laptop,HD,1026,17.1,128.25,8,8,5.75,3.75,Poor,65,High,44,98,100,Healthy,10,30,29
Reality Tv,Netflix,Laptop,SD,1609,26.816666666666666,134.08333333333334,12,12,5.916666666666667,2.5,Poor,64,Viral,66,98,100,Healthy,10,43,56
Reality Tv,Netflix,Mobile App,4K,585,9.75,117.0,5,5,7.6,3.8,Poor,59,Low,27,98,96,Healthy,10,20,12
Reality Tv,Netflix,Mobile App,HD,694,11.566666666666666,138.8,5,5,7.294199312714777,2.8,Poor,55,Low,27,98,96,Healthy,10,20,16
Reality Tv,Netflix,Mobile App,SD,292,4.866666666666666,97.33333333333333,3,3,5.666666666666667,4.333333333333333,Poor,55,Low,16,98,96,Healthy,10,13,0
Reality Tv,Netflix,Set-Top Box,4K,1257,20.95,157.125,8,8,7.1838745704467355,3.375,Poor,66,High,44,98,99,Healthy,10,30,30
Reality Tv,Netflix,Set-Top Box,HD,725,12.083333333333334,103.57142857142857,7,7,5.285714285714286,3.2857142857142856,Poor,58,High,38,98,99,Healthy,10,26,25
Reality Tv,Netflix,Set-Top Box,SD,785,13.083333333333334,112.14285714285714,7,7,7.0,4.0,Poor,64,High,38,98,99,Healthy,10,26,22
Reality Tv,Netflix,Smart Tv,4K,172,2.8666666666666667,86.0,2,2,1.5,3.5,Good,45,Low,11,98,95,At_Risk,10,10,0
Reality Tv,Netflix,Smart Tv,HD,626,10.433333333333334,104.33333333333333,6,6,6.5,2.5,Poor,52,Medium,33,98,95,Healthy,10,23,23
Reality Tv,Netflix,Smart Tv,SD,446,7.433333333333334,148.66666666666666,3,3,7.0,3.0,Poor,52,Low,16,98,95,Healthy,10,13,4
Reality Tv,Netflix,Tablet,4K,209,3.4833333333333334,104.5,2,2,10.5,1.5,Poor,34,Low,11,98,96,At_Risk,10,10,5
Reality Tv,Netflix,Tablet,HD,398,6.633333333333334,99.5,4,4,3.25,2.75,Fair,48,Low,22,98,96,At_Risk,10,17,11
Reality Tv,Netflix,Tablet,SD,577,9.616666666666667,115.4,5,5,5.8,2.4,Poor,50,Low,27,98,96,Healthy,10,20,18
Reality Tv,Showtime,Laptop,4K,981,16.35,109.0,9,9,10.222222222222221,3.0,Poor,60,Viral,50,98,100,Healthy,10,34,38
Reality Tv,Showtime,Laptop,HD,724,12.066666666666666,181.0,4,4,9.0,3.0,Poor,59,Low,22,98,100,Healthy,10,17,10
Reality Tv,Showtime,Laptop,SD,928,15.466666666666667,132.57142857142858,7,7,9.571428571428571,3.142857142857143,Poor,61,High,38,98,100,Healthy,10,26,26
Reality Tv,Showtime,Mobile App,4K,1555,25.916666666666668,155.5,10,10,8.047099656357389,2.7,Poor,65,Viral,55,98,96,Healthy,10,37,44
Reality Tv,Showtime,Mobile App,HD,457,7.616666666666666,114.25,4,4,3.75,3.25,Fair,53,Low,22,98,96,Healthy,10,17,9
Reality Tv,Showtime,Mobile App,SD,638,10.633333333333333,127.6,5,5,6.6,3.6,Poor,59,Low,27,98,96,Healthy,10,20,13
Reality Tv,Showtime,Set-Top Box,4K,1171,19.516666666666666,130.11111111111111,9,9,9.11111111111111,3.111111111111111,Poor,63,Viral,50,98,99,Healthy,10,34,37
Reality Tv,Showtime,Set-Top Box,HD,1736,28.933333333333334,144.66666666666666,12,12,7.666666666666667,2.9166666666666665,Poor,67,Viral,66,98,99,Healthy,10,43,54
Reality Tv,Showtime,Set-Top Box,SD,772,12.866666666666667,110.28571428571429,7,7,6.714285714285714,2.7142857142857144,Poor,56,High,38,98,99,Healthy,10,26,28
Reality Tv,Showtime,Smart Tv,4K,1374,22.9,114.5,12,12,7.539249713631158,3.0,Poor,64,Viral,66,98,95,Healthy,10,43,54
Reality Tv,Showtime,Smart Tv,HD,754,12.566666666666666,188.5,4,4,7.985498281786942,3.25,Poor,61,Low,22,98,95,Healthy,10,17,9
Reality Tv,Showtime,Smart Tv,SD,917,15.283333333333333,131.0,7,7,7.714285714285714,3.7142857142857144,Poor,64,High,38,98,95,Healthy,10,26,24
Reality Tv,Showtime,Tablet,4K,922,15.366666666666667,153.66666666666666,6,6,9.833333333333334,3.5,Poor,63,Medium,33,98,96,Healthy,10,23,19
Reality Tv,Showtime,Tablet,HD,1028,17.133333333333333,128.5,8,8,7.0588745704467355,3.375,Poor,63,High,44,98,96,Healthy,10,30,30
Reality Tv,Showtime,Tablet,SD,1326,22.1,147.33333333333334,9,9,9.0,2.5555555555555554,Poor,62,Viral,50,98,96,Healthy,10,34,39
Series,Abc,Laptop,4K,1124,18.733333333333334,112.4,10,10,8.34709965635739,3.0,Poor,62,Viral,55,98,100,Healthy,10,37,43
Series,Abc,Laptop,HD,228,3.8,57.0,4,4,6.75,2.5,Poor,42,Low,22,98,100,At_Risk,10,17,12
Series,Abc,Laptop,SD,37,0.6166666666666667,37.0,1,1,6.0,3.0,Poor,31,Low,5,98,100,At_Risk,10,7,0
Series,Abc,Mobile App,4K,249,4.15,124.5,2,2,10.235498281786942,2.5,Poor,43,Low,11,98,96,At_Risk,10,10,1
Series,Abc,Mobile App,HD,165,2.75,82.5,2,2,8.0,4.0,Poor,47,Low,11,98,96,At_Risk,10,10,0
Series,Abc,Mobile App,SD,393,6.55,78.6,5,5,7.4,3.8,Poor,55,Low,27,98,96,Healthy,10,20,12
Series,Abc,Set-Top Box,4K,368,6.133333333333334,73.6,5,5,7.094199312714776,3.0,Poor,50,Low,27,98,99,Healthy,10,20,15
Series,Abc,Set-Top Box,HD,1096,18.266666666666666,121.77777777777777,9,9,8.0,2.4444444444444446,Poor,58,Viral,50,98,99,Healthy,10,34,40
Series,Abc,Set-Top Box,SD,377,6.283333333333333,125.66666666666667,3,3,6.0,3.3333333333333335,Poor,52,Low,16,98,99,Healthy,10,13,3
Series,Abc,Smart Tv,4K,416,6.933333333333334,104.0,4,4,9.5,3.5,Poor,53,Low,22,98,95,Healthy,10,17,8
Series,Abc,Smart Tv,HD,520,8.666666666666666,173.33333333333334,3,3,6.666666666666667,3.0,Poor,55,Low,16,98,95,Healthy,10,13,4
Series,Abc,Smart Tv,SD,1039,17.316666666666666,173.16666666666666,6,6,7.666666666666667,4.333333333333333,Poor,70,Medium,33,98,95,Healthy,10,23,15
Series,Abc,Tablet,4K,729,12.15,145.8,5,5,11.0,3.8,Poor,62,Low,27,98,96,Healthy,10,20,12
Series,Abc,Tablet,HD,1289,21.483333333333334,161.125,8,8,6.9338745704467355,3.125,Poor,65,High,44,98,96,Healthy,10,30,31
Series,Abc,Tablet,SD,125,2.0833333333333335,125.0,1,1,11.0,2.0,Poor,34,Low,5,98,96,At_Risk,10,7,0
Series,Amc,Laptop,4K,463,7.716666666666667,77.16666666666667,6,6,8.333333333333334,2.5,Poor,49,Medium,33,98,100,At_Risk,10,23,23
Series,Amc,Laptop,HD,961,16.016666666666666,192.2,5,5,6.094199312714776,3.2,Poor,63,Low,27,98,100,Healthy,10,20,14
Series,Amc,Laptop,SD,963,16.05,137.57142857142858,7,7,7.0,3.2857142857142856,Poor,62,High,38,98,100,Healthy,10,26,25
Series,Amc,Mobile App,4K,866,14.433333333333334,144.33333333333334,6,6,4.666666666666667,3.6666666666666665,Fair,63,Medium,33,98,96,Healthy,10,23,18
Series,Amc,Mobile App,HD,688,11.466666666666667,172.0,4,4,7.0,3.75,Poor,62,Low,22,98,96,Healthy,10,17,7
Series,Amc,Mobile App,SD,158,2.6333333333333333,79.0,2,2,6.0,3.0,Poor,41,Low,11,98,96,At_Risk,10,10,0
Series,Amc,Set-Top Box,4K,697,11.616666666666667,116.16666666666667,6,6,6.24516609392898,2.5,Poor,53,Medium,33,98,99,Healthy,10,23,23
Series,Amc,Set-Top Box,HD,893,14.883333333333333,127.57142857142857,7,7,5.285714285714286,3.7142857142857144,Poor,64,High,38,98,99,Healthy,10,26,24
Series,Amc,Set-Top Box,SD,238,3.966666666666667,79.33333333333333,3,3,2.6666666666666665,2.3333333333333335,Fair,41,Low,16,98,99,At_Risk,10,13,7
Series,Amc,Smart Tv,4K,789,13.15,78.9,10,10,6.3,3.4,Poor,61,Viral,55,98,95,Healthy,10,37,41
Series,Amc,Smart Tv,HD,739,12.316666666666666,123.16666666666667,6,6,6.411832760595647,3.3333333333333335,Poor,59,Medium,33,98,95,Healthy,10,23,19
Series,Amc,Smart Tv,SD,1000,16.666666666666668,142.85714285714286,7,7,3.4285714285714284,2.857142857142857,Fair,60,High,38,98,95,Healthy,10,26,27
Series,Amc,Tablet,4K,911,15.183333333333334,101.22222222222223,9,9,6.718999618174876,2.4444444444444446,Poor,56,Viral,50,98,96,Healthy,10,34,40
Series,Amc,Tablet,HD,954,15.9,136.28571428571428,7,7,9.571428571428571,2.142857142857143,Poor,55,High,38,98,96,Healthy,10,26,30
Series,Amc,Tablet,SD,87,1.45,29.0,3,3,10.0,2.3333333333333335,Poor,35,Low,16,98,96,At_Risk,10,13,7
Series,Cbs,Laptop,4K,572,9.533333333333333,71.5,8,8,6.25,3.375,Poor,57,High,44,98,100,Healthy,10,30,30
Series,Cbs,Laptop,HD,376,6.266666666666667,125.33333333333333,3,3,5.0,2.3333333333333335,Fair,46,Low,16,98,100,At_Risk,10,13,7
Series,Cbs,Laptop,SD,462,7.7,154.0,3,3,4.333333333333333,2.6666666666666665,Fair,51,Low,16,98,100,Healthy,10,13,5
Series,Cbs,Mobile App,4K,63,1.05,31.5,2,2,11.5,4.0,Poor,42,Low,11,98,96,At_Risk,10,10,0
Series,Cbs,Mobile App,HD,1130,18.833333333333332,141.25,8,8,10.0,2.75,Poor,61,High,44,98,96,Healthy,10,30,33
Series,Cbs,Mobile App,SD,587,9.783333333333333,117.4,5,5,7.6,2.2,Poor,49,Low,27,98,96,At_Risk,10,20,18
Series,Cbs,Set-Top Box,4K,802,13.366666666666667,114.57142857142857,7,7,6.0,3.857142857142857,Poor,63,High,38,98,99,Healthy,10,26,23
Series,Cbs,Set-Top Box,HD,882,14.7,88.2,10,10,5.2,3.2,Poor,61,Viral,55,98,99,Healthy,10,37,42
Series,Cbs,Set-Top Box,SD,832,13.866666666666667,104.0,8,8,7.25,3.875,Poor,64,High,44,98,99,Healthy,10,30,28
Series,Cbs,Smart Tv,4K,547,9.116666666666667,78.14285714285714,7,7,4.857142857142857,3.2857142857142856,Fair,56,High,38,98,95,Healthy,10,26,25
Series,Cbs,Smart Tv,HD,960,16.0,120.0,8,8,7.5,3.375,Poor,62,High,44,98,95,Healthy,10,30,30
Series,Cbs,Smart Tv,SD,421,7.016666666666667,140.33333333333334,3,3,2.0,2.3333333333333335,Good,47,Low,16,98,95,At_Risk,10,13,7
Series,Cbs,Tablet,4K,1011,16.85,112.33333333333333,9,9,9.444444444444445,3.7777777777777777,Poor,65,Viral,50,98,96,Healthy,10,34,34
Series,Cbs,Tablet,HD,493,8.216666666666667,123.25,4,4,3.5,2.5,Fair,49,Low,22,98,96,At_Risk,10,17,12
Series,Cbs,Tablet,SD,405,6.75,101.25,4,4,6.25,2.0,Poor,44,Low,22,98,96,At_Risk,10,17,14
Series,Cnn,Laptop,4K,355,5.916666666666667,71.0,5,5,6.6,3.2,Poor,51,Low,27,98,100,Healthy,10,20,14
Series,Cnn,Laptop,HD,880,14.666666666666666,110.0,8,8,8.375,2.25,Poor,54,High,44,98,100,Healthy,10,30,35
Series,Cnn,Laptop,SD,652,10.866666666666667,108.66666666666667,6,6,4.578499427262314,2.6666666666666665,Fair,53,Medium,33,98,100,Healthy,10,23,22
Series,Cnn,Mobile App,4K,1108,18.466666666666665,123.11111111111111,9,9,7.555555555555555,3.2222222222222223,Poor,63,Viral,50,98,96,Healthy,10,34,37
Series,Cnn,Mobile App,HD,1130,18.833333333333332,113.0,10,10,8.94709965635739,2.8,Poor,61,Viral,55,98,96,Healthy,10,37,44
Series,Cnn,Mobile App,SD,272,4.533333333333333,90.66666666666667,3,3,4.666666666666667,3.6666666666666665,Fair,50,Low,16,98,96,Healthy,10,13,1
Series,Cnn,Set-Top Box,4K,551,9.183333333333334,110.2,5,5,6.0,1.6,Poor,45,Low,27,98,99,At_Risk,10,20,21
Series,Cnn,Set-Top Box,HD,801,13.35,133.5,6,6,9.833333333333334,3.5,Poor,61,Medium,33,98,99,Healthy,10,23,19
Series,Cnn,Set-Top Box,SD,874,14.566666666666666,145.66666666666666,6,6,4.333333333333333,3.8333333333333335,Fair,64,Medium,33,98,99,Healthy,10,23,17
Series,Cnn,Smart Tv,4K,1307,21.783333333333335,118.81818181818181,11,11,7.181818181818182,2.5454545454545454,Poor,61,Viral,61,98,95,Healthy,10,40,50
Series,Cnn,Smart Tv,HD,559,9.316666666666666,139.75,4,4,9.0,2.75,Poor,53,Low,22,98,95,Healthy,10,17,11
Series,Cnn,Smart Tv,SD,814,13.566666666666666,135.66666666666666,6,6,6.24516609392898,2.5,Poor,55,Medium,33,98,95,Healthy,10,23,23
Series,Cnn,Tablet,4K,470,7.833333333333333,156.66666666666666,3,3,6.333333333333333,1.3333333333333333,Poor,43,Low,16,98,96,At_Risk,10,13,11
Series,Cnn,Tablet,HD,386,6.433333333333334,96.5,4,4,4.75,3.0,Fair,50,Low,22,98,96,Healthy,10,17,10
Series,Cnn,Tablet,SD,242,4.033333333333333,80.66666666666667,3,3,8.0,4.333333333333333,Poor,53,Low,16,98,96,Healthy,10,13,0
Series,Discovery Channel,Laptop,4K,691,11.516666666666667,98.71428571428571,7,7,6.142857142857143,3.4285714285714284,Poor,59,High,38,98,100,Healthy,10,26,25
Series,Discovery Channel,Laptop,HD,657,10.95,109.5,6,6,7.666666666666667,3.3333333333333335,Poor,58,Medium,33,98,100,Healthy,10,23,19
Series,Discovery Channel,Laptop,SD,1097,18.283333333333335,121.88888888888889,9,9,9.555555555555555,2.6666666666666665,Poor,60,Viral,50,98,100,Healthy,10,34,39
Series,Discovery Channel,Mobile App,4K,1380,23.0,125.45454545454545,11,11,5.454545454545454,3.6363636363636362,Poor,68,Viral,61,98,96,Healthy,10,40,46
Series,Discovery Channel,Mobile App,HD,1017,16.95,101.7,10,10,7.047099656357389,2.6,Poor,58,Viral,55,98,96,Healthy,10,37,45
Series,Discovery Channel,Mobile App,SD,659,10.983333333333333,109.83333333333333,6,6,7.833333333333333,2.0,Poor,50,Medium,33,98,96,Healthy,10,23,25
Series,Discovery Channel,Set-Top Box,4K,909,15.15,113.625,8,8,9.0,3.75,Poor,64,High,44,98,99,Healthy,10,30,29
Series,Discovery Channel,Set-Top Box,HD,1299,21.65,118.0909090909091,11,11,9.818181818181818,3.1818181818181817,Poor,65,Viral,61,98,99,Healthy,10,40,48
Series,Discovery Channel,Set-Top Box,SD,285,4.75,95.0,3,3,12.666666666666666,3.3333333333333335,Poor,48,Low,16,98,99,At_Risk,10,13,3
Series,Discovery Channel,Smart Tv,4K,2472,41.2,145.41176470588235,17,17,8.294117647058824,2.7058823529411766,Poor,70,Viral,94,98,95,Healthy,10,60,83
Series,Discovery Channel,Smart Tv,HD,694,11.566666666666666,99.14285714285714,7,7,9.142857142857142,3.5714285714285716,Poor,60,High,38,98,95,Healthy,10,26,24
Series,Discovery Channel,Smart Tv,SD,281,4.683333333333334,93.66666666666667,3,3,2.0,2.3333333333333335,Good,42,Low,16,98,95,At_Risk,10,13,7
Series,Discovery Channel,Tablet,4K,660,11.0,94.28571428571429,7,7,10.285714285714286,2.4285714285714284,Poor,52,High,38,98,96,Healthy,10,26,29
Series,Discovery Channel,Tablet,HD,747,12.45,149.4,5,5,4.4,2.4,Fair,54,Low,27,98,96,Healthy,10,20,18
Series,Discovery Channel,Tablet,SD,508,8.466666666666667,101.6,5,5,7.4,2.8,Poor,51,Low,27,98,96,Healthy,10,20,16
Series,Disney+,Laptop,4K,1392,23.2,154.66666666666666,9,9,7.718999618174875,3.2222222222222223,Poor,66,Viral,50,98,100,Healthy,10,34,37
Series,Disney+,Laptop,HD,1045,17.416666666666668,149.28571428571428,7,7,8.495856651939127,3.5714285714285716,Poor,65,High,38,98,100,Healthy,10,26,24
Series,Disney+,Laptop,SD,717,11.95,143.4,5,5,8.0,3.0,Poor,57,Low,27,98,100,Healthy,10,20,15
Series,Disney+,Mobile App,4K,1956,32.6,139.71428571428572,14,14,8.21014236622484,3.2142857142857144,Poor,70,Viral,77,98,96,Healthy,10,50,64
Series,Disney+,Mobile App,HD,1090,18.166666666666668,181.66666666666666,6,6,6.833333333333333,3.0,Poor,63,Medium,33,98,96,Healthy,10,23,21
Series,Disney+,Mobile App,SD,320,5.333333333333333,160.0,2,2,9.0,3.5,Poor,52,Low,11,98,96,Healthy,10,10,0
Series,Disney+,Set-Top Box,4K,629,10.483333333333333,157.25,4,4,8.25,3.0,Poor,56,Low,22,98,99,Healthy,10,17,10
Series,Disney+,Set-Top Box,HD,522,8.7,130.5,4,4,4.0,2.25,Fair,49,Low,22,98,99,At_Risk,10,17,13
Series,Disney+,Set-Top Box,SD,1212,20.2,202.0,6,6,7.411832760595647,3.0,Poor,65,Medium,33,98,99,Healthy,10,23,21
Series,Disney+,Smart Tv,4K,1463,24.383333333333333,133.0,11,11,7.085635738831615,2.6363636363636362,Poor,63,Viral,61,98,95,Healthy,10,40,50
Series,Disney+,Smart Tv,HD,452,7.533333333333333,150.66666666666666,3,3,9.333333333333334,4.0,Poor,58,Low,16,98,95,Healthy,10,13,0
Series,Disney+,Smart Tv,SD,970,16.166666666666668,107.77777777777777,9,9,7.385666284841544,2.3333333333333335,Poor,56,Viral,50,98,95,Healthy,10,34,40
Series,Disney+,Tablet,4K,683,11.383333333333333,97.57142857142857,7,7,9.428571428571429,3.857142857142857,Poor,61,High,38,98,96,Healthy,10,26,23
Series,Disney+,Tablet,HD,1017,16.95,127.125,8,8,7.375,2.625,Poor,59,High,44,98,96,Healthy,10,30,33
Series,Disney+,Tablet,SD,343,5.716666666666667,114.33333333333333,3,3,11.0,3.3333333333333335,Poor,50,Low,16,98,96,Healthy,10,13,3
Series,Espn,Laptop,4K,1265,21.083333333333332,140.55555555555554,9,9,6.941221840397098,3.111111111111111,Poor,64,Viral,50,98,100,Healthy,10,34,37
Series,Espn,Laptop,HD,1462,24.366666666666667,121.83333333333333,12,12,9.25,2.9166666666666665,Poor,65,Viral,66,98,100,Healthy,10,43,54
Series,Espn,Laptop,SD,1005,16.75,125.625,8,8,7.25,3.625,Poor,64,High,44,98,100,Healthy,10,30,29
Series,Espn,Mobile App,4K,618,10.3,123.6,5,5,4.494199312714777,3.0,Fair,55,Low,27,98,96,Healthy,10,20,15
Series,Espn,Mobile App,HD,1619,26.983333333333334,179.88888888888889,9,9,9.222222222222221,3.2222222222222223,Poor,69,Viral,50,98,96,Healthy,10,34,37
Series,Espn,Mobile App,SD,1203,20.05,171.85714285714286,7,7,10.142857142857142,2.7142857142857144,Poor,62,High,38,98,96,Healthy,10,26,28
Series,Espn,Set-Top Box,4K,634,10.566666666666666,90.57142857142857,7,7,7.285714285714286,2.857142857142857,Poor,54,High,38,98,99,Healthy,10,26,27
Series,Espn,Set-Top Box,HD,896,14.933333333333334,149.33333333333334,6,6,6.666666666666667,2.6666666666666665,Poor,58,Medium,33,98,99,Healthy,10,23,22
Series,Espn,Set-Top Box,SD,993,16.55,141.85714285714286,7,7,6.0,3.5714285714285716,Poor,64,High,38,98,99,Healthy,10,26,24
Series,Espn,Smart Tv,4K,894,14.9,111.75,8,8,7.875,3.625,Poor,63,High,44,98,95,Healthy,10,30,29
Series,Espn,Smart Tv,HD,229,3.816666666666667,57.25,4,4,7.0,3.25,Poor,47,Low,22,98,95,At_Risk,10,17,9
Series,Espn,Smart Tv,SD,367,6.116666666666666,122.33333333333333,3,3,13.0,3.3333333333333335,Poor,51,Low,16,98,95,Healthy,10,13,3
Series,Espn,Tablet,4K,710,11.833333333333334,118.33333333333333,6,6,9.5,3.3333333333333335,Poor,58,Medium,33,98,96,Healthy,10,23,19
Series,Espn,Tablet,HD,1102,18.366666666666667,157.42857142857142,7,7,8.142857142857142,3.4285714285714284,Poor,65,High,38,98,96,Healthy,10,26,25
Series,Espn,Tablet,SD,1431,23.85,130.0909090909091,11,11,9.636363636363637,2.8181818181818183,Poor,64,Viral,61,98,96,Healthy,10,40,49
Series,Fox News,Laptop,4K,1234,20.566666666666666,123.4,10,10,6.8,2.9,Poor,63,Viral,55,98,100,Healthy,10,37,43
Series,Fox News,Laptop,HD,842,14.033333333333333,140.33333333333334,6,6,10.5,2.6666666666666665,Poor,57,Medium,33,98,100,Healthy,10,23,22
Series,Fox News,Laptop,SD,1029,17.15,128.625,8,8,7.5,2.75,Poor,59,High,44,98,100,Healthy,10,30,33
Series,Fox News,Mobile App,4K,488,8.133333333333333,122.0,4,4,9.25,3.25,Poor,54,Low,22,98,96,Healthy,10,17,9
Series,Fox News,Mobile App,HD,898,14.966666666666667,128.28571428571428,7,7,7.352999509081983,2.142857142857143,Poor,54,High,38,98,96,Healthy,10,26,30
Series,Fox News,Mobile App,SD,1140,19.0,190.0,6,6,9.0,2.6666666666666665,Poor,62,Medium,33,98,96,Healthy,10,23,22
Series,Fox News,Set-Top Box,4K,1584,26.4,121.84615384615384,13,13,6.113153581813375,2.8461538461538463,Poor,65,Viral,72,98,99,Healthy,10,47,60
Series,Fox News,Set-Top Box,HD,670,11.166666666666666,167.5,4,4,10.75,3.5,Poor,60,Low,22,98,99,Healthy,10,17,8
Series,Fox News,Set-Top Box,SD,480,8.0,120.0,4,4,7.25,3.75,Poor,57,Low,22,98,99,Healthy,10,17,7
Series,Fox News,Smart Tv,4K,900,15.0,112.5,8,8,5.875,2.875,Poor,59,High,44,98,95,Healthy,10,30,32
Series,Fox News,Smart Tv,HD,163,2.716666666666667,163.0,1,1,3.0,3.0,Fair,44,Low,5,98,95,At_Risk,10,7,0
Series,Fox News,Smart Tv,SD,1140,19.0,162.85714285714286,7,7,10.714285714285714,2.2857142857142856,Poor,59,High,38,98,95,Healthy,10,26,29
Series,Fox News,Tablet,4K,877,14.616666666666667,109.625,8,8,9.25,2.75,Poor,57,High,44,98,96,Healthy,10,30,33
Series,Fox News,Tablet,HD,529,8.816666666666666,88.16666666666667,6,6,5.166666666666667,3.6666666666666665,Poor,57,Medium,33,98,96,Healthy,10,23,18
Series,Fox News,Tablet,SD,1444,24.066666666666666,120.33333333333333,12,12,4.583333333333333,2.8333333333333335,Fair,64,Viral,66,98,96,Healthy,10,43,55
Series,Hbo,Laptop,4K,1369,22.816666666666666,152.11111111111111,9,9,6.993554791905307,3.4444444444444446,Poor,68,Viral,50,98,100,Healthy,10,34,36
Series,Hbo,Laptop,HD,1437,23.95,205.28571428571428,7,7,7.285714285714286,3.7142857142857144,Poor,72,High,38,98,100,Healthy,10,26,24
Series,Hbo,Laptop,SD,1066,17.766666666666666,133.25,8,8,7.125,3.0,Poor,61,High,44,98,100,Healthy,10,30,32
Series,Hbo,Mobile App,4K,921,15.35,153.5,6,6,7.5,3.1666666666666665,Poor,61,Medium,33,98,96,Healthy,10,23,20
Series,Hbo,Mobile App,HD,847,14.116666666666667,94.11111111111111,9,9,8.222222222222221,3.7777777777777777,Poor,63,Viral,50,98,96,Healthy,10,34,34
Series,Hbo,Mobile App,SD,462,7.7,92.4,5,5,6.4,2.8,Poor,50,Low,27,98,96,Healthy,10,20,16
Series,Hbo,Set-Top Box,4K,1027,17.116666666666667,171.16666666666666,6,6,5.333333333333333,3.0,Poor,62,Medium,33,98,99,Healthy,10,23,21
Series,Hbo,Set-Top Box,HD,973,16.216666666666665,121.625,8,8,6.375,2.375,Poor,56,High,44,98,99,Healthy,10,30,34
Series,Hbo,Set-Top Box,SD,470,7.833333333333333,117.5,4,4,11.75,2.25,Poor,47,Low,22,98,99,At_Risk,10,17,13
Series,Hbo,Smart Tv,4K,1462,24.366666666666667,112.46153846153847,13,13,7.036230504890299,3.076923076923077,Poor,66,Viral,72,98,95,Healthy,10,47,59
Series,Hbo,Smart Tv,HD,692,11.533333333333333,138.4,5,5,9.694199312714776,2.4,Poor,53,Low,27,98,95,Healthy,10,20,18
Series,Hbo,Smart Tv,SD,1022,17.033333333333335,102.2,10,10,4.9,3.1,Fair,61,Viral,55,98,95,Healthy,10,37,43
Series,Hbo,Tablet,4K,322,5.366666666666666,64.4,5,5,7.8,3.6,Poor,52,Low,27,98,96,Healthy,10,20,13
Series,Hbo,Tablet,HD,1038,17.3,94.36363636363636,11,11,6.7272727272727275,2.909090909090909,Poor,61,Viral,61,98,96,Healthy,10,40,49
Series,Hbo,Tablet,SD,78,1.3,39.0,2,2,9.735498281786942,4.0,Poor,43,Low,11,98,96,At_Risk,10,10,0
Series,Hgtv,Laptop,4K,830,13.833333333333334,103.75,8,8,7.5588745704467355,2.375,Poor,55,High,44,98,100,Healthy,10,30,34
Series,Hgtv,Laptop,HD,636,10.6,106.0,6,6,7.166666666666667,3.3333333333333335,Poor,57,Medium,33,98,100,Healthy,10,23,19
Series,Hgtv,Laptop,SD,441,7.35,147.0,3,3,3.0,2.0,Fair,46,Low,16,98,100,At_Risk,10,13,8
Series,Hgtv,Mobile App,4K,1117,18.616666666666667,159.57142857142858,7,7,8.285714285714286,2.857142857142857,Poor,62,High,38,98,96,Healthy,10,26,27
Series,Hgtv,Mobile App,HD,585,9.75,97.5,6,6,7.333333333333333,2.3333333333333335,Poor,50,Medium,33,98,96,Healthy,10,23,23
Series,Hgtv,Mobile App,SD,1253,20.883333333333333,113.9090909090909,11,11,5.454545454545454,3.272727272727273,Poor,65,Viral,61,98,96,Healthy,10,40,48
Series,Hgtv,Set-Top Box,4K,1095,18.25,156.42857142857142,7,7,9.428571428571429,3.4285714285714284,Poor,65,High,38,98,99,Healthy,10,26,25
Series,Hgtv,Set-Top Box,HD,1256,20.933333333333334,114.18181818181819,11,11,7.0,3.3636363636363638,Poor,66,Viral,61,98,99,Healthy,10,40,47
Series,Hgtv,Set-Top Box,SD,953,15.883333333333333,105.88888888888889,9,9,5.777777777777778,2.5555555555555554,Poor,57,Viral,50,98,99,Healthy,10,34,39
Series,Hgtv,Smart Tv,4K,344,5.733333333333333,86.0,4,4,12.0,3.75,Poor,53,Low,22,98,95,Healthy,10,17,7
Series,Hgtv,Smart Tv,HD,1099,18.316666666666666,157.0,7,7,6.428571428571429,3.2857142857142856,Poor,64,High,38,98,95,Healthy,10,26,25
Series,Hgtv,Smart Tv,SD,979,16.316666666666666,139.85714285714286,7,7,6.0,3.142857142857143,Poor,61,High,38,98,95,Healthy,10,26,26
Series,Hgtv,Tablet,4K,1049,17.483333333333334,131.125,8,8,8.25,3.25,Poor,63,High,44,98,96,Healthy,10,30,31
Series,Hgtv,Tablet,HD,189,3.15,189.0,1,1,7.470996563573883,2.0,Poor,41,Low,5,98,96,At_Risk,10,7,0
Series,Hgtv,Tablet,SD,1170,19.5,195.0,6,6,4.5,3.1666666666666665,Fair,66,Medium,33,98,96,Healthy,10,23,20
Series,Local Channel,Laptop,4K,1114,18.566666666666666,85.6923076923077,13,13,8.153846153846153,2.923076923076923,Poor,62,Viral,72,98,100,Healthy,10,47,60
Series,Local Channel,Laptop,HD,587,9.783333333333333,83.85714285714286,7,7,7.142857142857143,2.5714285714285716,Poor,52,High,38,98,100,Healthy,10,26,28
Series,Local Channel,Laptop,SD,550,9.166666666666666,110.0,5,5,9.094199312714776,4.6,Poor,63,Low,27,98,100,Healthy,10,20,9
Series,Local Channel,Mobile App,4K,640,10.666666666666666,106.66666666666667,6,6,4.5,3.0,Fair,55,Medium,33,98,96,Healthy,10,23,21
Series,Local Channel,Mobile App,HD,359,5.983333333333333,89.75,4,4,6.25,3.0,Poor,49,Low,22,98,96,At_Risk,10,17,10
Series,Local Channel,Mobile App,SD,1022,17.033333333333335,146.0,7,7,9.857142857142858,2.857142857142857,Poor,60,High,38,98,96,Healthy,10,26,27
Series,Local Channel,Set-Top Box,4K,802,13.366666666666667,160.4,5,5,5.4,2.0,Poor,53,Low,27,98,99,Healthy,10,20,19
Series,Local Channel,Set-Top Box,HD,1207,20.116666666666667,134.11111111111111,9,9,5.666666666666667,2.7777777777777777,Poor,62,Viral,50,98,99,Healthy,10,34,38
Series,Local Channel,Set-Top Box,SD,590,9.833333333333334,84.28571428571429,7,7,8.428571428571429,2.7142857142857144,Poor,53,High,38,98,99,Healthy,10,26,28
Series,Local Channel,Smart Tv,4K,809,13.483333333333333,134.83333333333334,6,6,7.666666666666667,2.5,Poor,55,Medium,33,98,95,Healthy,10,23,23
Series,Local Channel,Smart Tv,HD,907,15.116666666666667,113.375,8,8,6.0588745704467355,3.125,Poor,60,High,44,98,95,Healthy,10,30,31
Series,Local Channel,Smart Tv,SD,860,14.333333333333334,122.85714285714286,7,7,6.857142857142857,3.2857142857142856,Poor,60,High,38,98,95,Healthy,10,26,25
Series,Local Channel,Tablet,4K,920,15.333333333333334,92.0,10,10,6.847099656357389,3.1,Poor,60,Viral,55,98,96,Healthy,10,37,43
Series,Local Channel,Tablet,HD,832,13.866666666666667,166.4,5,5,12.0,2.4,Poor,56,Low,27,98,96,Healthy,10,20,18
Series,Local Channel,Tablet,SD,885,14.75,126.42857142857143,7,7,8.142857142857142,3.0,Poor,59,High,38,98,96,Healthy,10,26,26
Series,Nbc,Laptop,4K,417,6.95,69.5,6,6,6.0,2.6666666666666665,Poor,49,Medium,33,98,100,At_Risk,10,23,22
Series,Nbc,Laptop,HD,1087,18.116666666666667,135.875,8,8,7.875,3.375,Poor,64,High,44,98,100,Healthy,10,30,30
Series,Nbc,Laptop,SD,748,12.466666666666667,124.66666666666667,6,6,5.666666666666667,3.0,Poor,57,Medium,33,98,100,Healthy,10,23,21
Series,Nbc,Mobile App,4K,646,10.766666666666667,161.5,4,3,6.0,4.25,Poor,64,Low,16,98,96,Healthy,13,14,5
Series,Nbc,Mobile App,HD,932,15.533333333333333,155.33333333333334,6,6,7.833333333333333,3.0,Poor,60,Medium,33,98,96,Healthy,10,23,21
Series,Nbc,Mobile App,SD,364,6.066666666666666,72.8,5,5,8.2,3.2,Poor,51,Low,27,98,96,Healthy,10,20,14
Series,Nbc,Set-Top Box,4K,770,12.833333333333334,96.25,8,8,8.625,2.75,Poor,56,High,44,98,99,Healthy,10,30,33
Series,Nbc,Set-Top Box,HD,1131,18.85,141.375,8,8,8.125,3.125,Poor,63,High,44,98,99,Healthy,10,30,31
Series,Nbc,Set-Top Box,SD,540,9.0,135.0,4,4,9.0,3.0,Poor,54,Low,22,98,99,Healthy,10,17,10
Series,Nbc,Smart Tv,4K,640,10.666666666666666,128.0,5,5,8.8,4.0,Poor,61,Low,27,98,95,Healthy,10,20,11
Series,Nbc,Smart Tv,HD,953,15.883333333333333,136.14285714285714,7,7,5.857142857142857,2.4285714285714284,Poor,57,High,38,98,95,Healthy,10,26,29
Series,Nbc,Smart Tv,SD,311,5.183333333333334,103.66666666666667,3,3,6.666666666666667,3.6666666666666665,Poor,51,Low,16,98,95,Healthy,10,13,1
Series,Nbc,Tablet,4K,1028,17.133333333333333,102.8,10,10,7.7,3.1,Poor,62,Viral,55,98,96,Healthy,10,37,43
Series,Nbc,Tablet,HD,399,6.65,99.75,4,4,8.0,2.0,Poor,44,Low,22,98,96,At_Risk,10,17,14
Series,Nbc,Tablet,SD,1334,22.233333333333334,148.22222222222223,9,9,7.555555555555555,3.4444444444444446,Poor,67,Viral,50,98,96,Healthy,10,34,36
Series,Netflix,Laptop,4K,31,0.5166666666666667,31.0,1,1,4.0,1.0,Fair,18,Low,5,98,100,Critical,10,7,1
Series,Netflix,Laptop,HD,731,12.183333333333334,121.83333333333333,6,6,5.0,3.1666666666666665,Fair,58,Medium,33,98,100,Healthy,10,23,20
Series,Netflix,Laptop,SD,561,9.35,112.2,5,5,5.6,4.2,Poor,61,Low,27,98,100,Healthy,10,20,10
Series,Netflix,Mobile App,4K,1122,18.7,124.66666666666667,9,9,6.718999618174876,2.6666666666666665,Poor,60,Viral,50,98,96,Healthy,10,34,39
Series,Netflix,Mobile App,HD,453,7.55,75.5,6,6,5.333333333333333,3.1666666666666665,Poor,53,Medium,33,98,96,Healthy,10,23,20
Series,Netflix,Mobile App,SD,911,15.183333333333334,182.2,5,5,7.4,3.4,Poor,64,Low,27,98,96,Healthy,10,20,14
Series,Netflix,Set-Top Box,4K,934,15.566666666666666,116.75,8,8,5.875,2.875,Poor,59,High,44,98,99,Healthy,10,30,32
Series,Netflix,Set-Top Box,HD,1068,17.8,118.66666666666667,9,9,7.888888888888889,2.4444444444444446,Poor,58,Viral,50,98,99,Healthy,10,34,40
Series,Netflix,Set-Top Box,SD,621,10.35,155.25,4,4,7.25,2.25,Poor,51,Low,22,98,99,Healthy,10,17,13
Series,Netflix,Smart Tv,4K,797,13.283333333333333,159.4,5,5,10.6,2.4,Poor,55,Low,27,98,95,Healthy,10,20,18
Series,Netflix,Smart Tv,HD,177,2.95,177.0,1,1,1.0,3.0,Good,46,Low,5,98,95,At_Risk,10,7,0
Series,Netflix,Smart Tv,SD,1445,24.083333333333332,111.15384615384616,13,13,8.687845625165213,2.5384615384615383,Poor,62,Viral,72,98,95,Healthy,10,47,62
Series,Netflix,Tablet,4K,322,5.366666666666666,161.0,2,2,12.0,2.5,Poor,46,Low,11,98,96,At_Risk,10,10,1
Series,Netflix,Tablet,HD,760,12.666666666666666,126.66666666666667,6,6,4.833333333333333,2.1666666666666665,Fair,52,Medium,33,98,96,Healthy,10,23,24
Series,Netflix,Tablet,SD,848,14.133333333333333,141.33333333333334,6,6,9.5,2.6666666666666665,Poor,57,Medium,33,98,96,Healthy,10,23,22
Series,Showtime,Laptop,4K,1380,23.0,138.0,10,10,7.5,2.2,Poor,60,Viral,55,98,100,Healthy,10,37,46
Series,Showtime,Laptop,HD,844,14.066666666666666,140.66666666666666,6,6,6.666666666666667,2.1666666666666665,Poor,54,Medium,33,98,100,Healthy,10,23,24
Series,Showtime,Laptop,SD,685,11.416666666666666,137.0,5,5,7.8,3.0,Poor,56,Low,27,98,100,Healthy,10,20,15
Series,Showtime,Mobile App,4K,819,13.65,163.8,5,5,6.6,3.4,Poor,62,Low,27,98,96,Healthy,10,20,14
Series,Showtime,Mobile App,HD,545,9.083333333333334,109.0,5,5,11.0,4.2,Poor,61,Low,27,98,96,Healthy,10,20,10
Series,Showtime,Mobile App,SD,375,6.25,93.75,4,4,5.75,2.75,Poor,48,Low,22,98,96,At_Risk,10,17,11
Series,Showtime,Set-Top Box,4K,611,10.183333333333334,152.75,4,4,4.367749140893471,2.5,Fair,53,Low,22,98,99,Healthy,10,17,12
Series,Showtime,Set-Top Box,HD,703,11.716666666666667,140.6,5,5,9.8,4.2,Poor,64,Low,27,98,99,Healthy,10,20,10
Series,Showtime,Set-Top Box,SD,561,9.35,80.14285714285714,7,7,7.428571428571429,3.0,Poor,54,High,38,98,99,Healthy,10,26,26
Series,Showtime,Smart Tv,4K,771,12.85,85.66666666666667,9,9,7.888888888888889,3.6666666666666665,Poor,62,Viral,50,98,95,Healthy,10,34,35
Series,Showtime,Smart Tv,HD,995,16.583333333333332,142.14285714285714,7,7,6.714285714285714,2.857142857142857,Poor,60,High,38,98,95,Healthy,10,26,27
Series,Showtime,Smart Tv,SD,305,5.083333333333333,152.5,2,2,4.0,1.5,Fair,40,Low,11,98,95,At_Risk,10,10,5
Series,Showtime,Tablet,4K,174,2.9,174.0,1,1,3.0,4.0,Fair,51,Low,5,98,96,Healthy,10,7,0
Series,Showtime,Tablet,HD,514,8.566666666666666,128.5,4,4,6.0,3.25,Poor,54,Low,22,98,96,Healthy,10,17,9
Series,Showtime,Tablet,SD,167,2.783333333333333,83.5,2,2,1.5,1.5,Good,32,Low,11,98,96,At_Risk,10,10,5
Sports,Abc,Laptop,4K,342,5.7,171.0,2,2,2.0,2.0,Good,45,Low,11,98,100,At_Risk,10,10,3
Sports,Abc,Laptop,HD,985,16.416666666666668,140.71428571428572,7,7,8.571428571428571,3.142857142857143,Poor,61,High,38,98,100,Healthy,10,26,26
Sports,Abc,Laptop,SD,973,16.216666666666665,139.0,7,7,9.428571428571429,2.5714285714285716,Poor,58,High,38,98,100,Healthy,10,26,28
Sports,Abc,Mobile App,4K,1262,21.033333333333335,105.16666666666667,12,12,7.333333333333333,3.1666666666666665,Poor,64,Viral,66,98,96,Healthy,10,43,53
Sports,Abc,Mobile App,HD,885,14.75,147.5,6,6,8.333333333333334,3.1666666666666665,Poor,61,Medium,33,98,96,Healthy,10,23,20
Sports,Abc,Mobile App,SD,1439,23.983333333333334,130.8181818181818,11,11,9.22463605123399,3.0,Poor,65,Viral,61,98,96,Healthy,10,40,49
Sports,Abc,Set-Top Box,4K,758,12.633333333333333,151.6,5,5,6.2,3.8,Poor,63,Low,27,98,99,Healthy,10,20,12
Sports,Abc,Set-Top Box,HD,177,2.95,88.5,2,2,9.5,2.5,Poor,39,Low,11,98,99,At_Risk,10,10,1
Sports,Abc,Set-Top Box,SD,410,6.833333333333333,136.66666666666666,3,3,12.666666666666666,2.6666666666666665,Poor,49,Low,16,98,99,At_Risk,10,13,5
Sports,Abc,Smart Tv,4K,1059,17.65,132.375,8,8,8.5,2.375,Poor,58,High,44,98,95,Healthy,10,30,34
Sports,Abc,Smart Tv,HD,92,1.5333333333333334,92.0,1,1,2.0,5.0,Good,49,Low,5,98,95,At_Risk,10,7,0
Sports,Abc,Smart Tv,SD,421,7.016666666666667,105.25,4,4,7.75,2.5,Poor,48,Low,22,98,95,At_Risk,10,17,12
Sports,Abc,Tablet,4K,464,7.733333333333333,116.0,4,4,5.25,2.75,Poor,50,Low,22,98,96,Healthy,10,17,11
Sports,Abc,Tablet,HD,1160,19.333333333333332,232.0,5,5,4.0,1.6,Fair,58,Low,27,98,96,Healthy,10,20,21
Sports,Abc,Tablet,SD,1579,26.316666666666666,143.54545454545453,11,11,5.679181505779444,2.3636363636363638,Poor,63,Viral,61,98,96,Healthy,10,40,51
Sports,Amc,Laptop,4K,1082,18.033333333333335,154.57142857142858,7,7,8.428571428571429,4.0,Poor,68,High,38,98,100,Healthy,10,26,22
Sports,Amc,Laptop,HD,599,9.983333333333333,99.83333333333333,6,6,6.833333333333333,3.0,Poor,54,Medium,33,98,100,Healthy,10,23,21
Sports,Amc,Laptop,SD,209,3.4833333333333334,104.5,2,2,11.0,3.0,Poor,43,Low,11,98,100,At_Risk,10,10,0
Sports,Amc,Mobile App,4K,413,6.883333333333334,103.25,4,4,6.867749140893471,3.5,Poor,53,Low,22,98,96,Healthy,10,17,8
Sports,Amc,Mobile App,HD,415,6.916666666666667,103.75,4,4,7.25,2.25,Poor,46,Low,22,98,96,At_Risk,10,17,13
Sports,Amc,Mobile App,SD,1155,19.25,165.0,7,7,8.285714285714286,2.4285714285714284,Poor,60,High,38,98,96,Healthy,10,26,29
Sports,Amc,Set-Top Box,HD,333,5.55,111.0,3,3,5.666666666666667,2.6666666666666665,Poor,46,Low,16,98,99,At_Risk,10,13,5
Sports,Amc,Set-Top Box,SD,709,11.816666666666666,101.28571428571429,7,7,6.142857142857143,3.142857142857143,Poor,57,High,38,98,99,Healthy,10,26,26
Sports,Amc,Smart Tv,4K,20,0.3333333333333333,20.0,1,1,5.0,3.0,Fair,29,Low,5,98,95,At_Risk,10,7,0
Sports,Amc,Smart Tv,HD,1019,16.983333333333334,113.22222222222223,9,9,8.88888888888889,3.4444444444444446,Poor,63,Viral,50,98,95,Healthy,10,34,36
Sports,Amc,Smart Tv,SD,484,8.066666666666666,121.0,4,4,3.5,3.25,Fair,54,Low,22,98,95,Healthy,10,17,9
Sports,Amc,Tablet,4K,1284,21.4,142.66666666666666,9,9,7.333333333333333,2.888888888888889,Poor,63,Viral,50,98,96,Healthy,10,34,38
Sports,Amc,Tablet,HD,406,6.766666666666667,101.5,4,4,8.117749140893471,2.5,Poor,47,Low,22,98,96,At_Risk,10,17,12
Sports,Amc,Tablet,SD,445,7.416666666666667,111.25,4,4,11.0,1.5,Poor,42,Low,22,98,96,At_Risk,10,17,16
Sports,Cbs,Laptop,4K,724,12.066666666666666,103.42857142857143,7,7,7.285714285714286,1.7142857142857142,Poor,49,High,38,98,100,At_Risk,10,26,32
Sports,Cbs,Laptop,HD,820,13.666666666666666,205.0,4,4,8.5,3.0,Poor,61,Low,22,98,100,Healthy,10,17,10
Sports,Cbs,Laptop,SD,926,15.433333333333334,154.33333333333334,6,6,6.333333333333333,3.8333333333333335,Poor,65,Medium,33,98,100,Healthy,10,23,17
Sports,Cbs,Mobile App,4K,724,12.066666666666666,90.5,8,8,11.5,2.25,Poor,52,High,44,98,96,Healthy,10,30,35
Sports,Cbs,Mobile App,HD,998,16.633333333333333,124.75,8,8,6.625,2.25,Poor,56,High,44,98,96,Healthy,10,30,35
Sports,Cbs,Mobile App,SD,1237,20.616666666666667,154.625,8,8,9.75,2.75,Poor,62,High,44,98,96,Healthy,10,30,33
Sports,Cbs,Set-Top Box,4K,1167,19.45,106.0909090909091,11,11,7.2727272727272725,2.6363636363636362,Poor,60,Viral,61,98,99,Healthy,10,40,50
Sports,Cbs,Set-Top Box,HD,968,16.133333333333333,138.28571428571428,7,7,7.428571428571429,2.0,Poor,54,High,38,98,99,Healthy,10,26,30
Sports,Cbs,Set-Top Box,SD,712,11.866666666666667,118.66666666666667,6,6,8.333333333333334,3.3333333333333335,Poor,58,Medium,33,98,99,Healthy,10,23,19
Sports,Cbs,Smart Tv,4K,1351,22.516666666666666,135.1,10,10,9.0,2.9,Poor,64,Viral,55,98,95,Healthy,10,37,43
Sports,Cbs,Smart Tv,HD,421,7.016666666666667,105.25,4,4,8.5,3.5,Poor,54,Low,22,98,95,Healthy,10,17,8
Sports,Cbs,Smart Tv,SD,604,10.066666666666666,86.28571428571429,7,7,9.352999509081984,2.142857142857143,Poor,50,High,38,98,95,Healthy,10,26,30
Sports,Cbs,Tablet,4K,708,11.8,101.14285714285714,7,7,9.428571428571429,2.857142857142857,Poor,56,High,38,98,96,Healthy,10,26,27
Sports,Cbs,Tablet,HD,447,7.45,111.75,4,4,4.0,4.0,Fair,57,Low,22,98,96,Healthy,10,17,6
Sports,Cbs,Tablet,SD,944,15.733333333333333,118.0,8,8,7.875,2.5,Poor,57,High,44,98,96,Healthy,10,30,34
Sports,Cnn,Laptop,4K,1257,20.95,157.125,8,8,5.375,2.625,Poor,62,High,44,98,100,Healthy,10,30,33
Sports,Cnn,Laptop,HD,745,12.416666666666666,82.77777777777777,9,9,7.163444062619321,3.5555555555555554,Poor,61,Viral,50,98,100,Healthy,10,34,35
Sports,Cnn,Laptop,SD,940,15.666666666666666,134.28571428571428,7,7,8.638713794796269,3.142857142857143,Poor,61,High,38,98,100,Healthy,10,26,26
Sports,Cnn,Mobile App,4K,460,7.666666666666667,115.0,4,4,8.0,2.5,Poor,49,Low,22,98,96,At_Risk,10,17,12
Sports,Cnn,Mobile App,HD,757,12.616666666666667,126.16666666666667,6,6,8.833333333333334,2.5,Poor,54,Medium,33,98,96,Healthy,10,23,23
Sports,Cnn,Mobile App,SD,1339,22.316666666666666,167.375,8,8,5.625,3.625,Poor,69,High,44,98,96,Healthy,10,30,29
Sports,Cnn,Set-Top Box,4K,1120,18.666666666666668,140.0,8,8,7.875,2.375,Poor,58,High,44,98,99,Healthy,10,30,34
Sports,Cnn,Set-Top Box,HD,563,9.383333333333333,93.83333333333333,6,6,6.833333333333333,2.5,Poor,51,Medium,33,98,99,Healthy,10,23,23
Sports,Cnn,Set-Top Box,SD,1155,19.25,115.5,10,10,8.5,3.3,Poor,64,Viral,55,98,99,Healthy,10,37,42
Sports,Cnn,Smart Tv,4K,625,10.416666666666666,104.16666666666667,6,6,6.666666666666667,3.3333333333333335,Poor,57,Medium,33,98,95,Healthy,10,23,19
Sports,Cnn,Smart Tv,HD,421,7.016666666666667,105.25,4,4,7.75,4.0,Poor,57,Low,22,98,95,Healthy,10,17,6
Sports,Cnn,Smart Tv,SD,712,11.866666666666667,101.71428571428571,7,7,10.0,2.2857142857142856,Poor,52,High,38,98,95,Healthy,10,26,29
Sports,Cnn,Tablet,4K,702,11.7,117.0,6,6,7.666666666666667,2.8333333333333335,Poor,55,Medium,33,98,96,Healthy,10,23,21
Sports,Cnn,Tablet,HD,232,3.8666666666666667,46.4,5,5,6.6,3.0,Poor,47,Low,27,98,96,At_Risk,10,20,15
Sports,Cnn,Tablet,SD,345,5.75,115.0,3,3,7.333333333333333,1.0,Poor,37,Low,16,98,96,At_Risk,10,13,12
Sports,Discovery Channel,Laptop,4K,971,16.183333333333334,161.83333333333334,6,6,6.166666666666667,4.166666666666667,Poor,68,Medium,33,98,100,Healthy,10,23,16
Sports,Discovery Channel,Laptop,HD,759,12.65,151.8,5,5,10.0,3.0,Poor,58,Low,27,98,100,Healthy,10,20,15
Sports,Discovery Channel,Laptop,SD,685,11.416666666666666,171.25,4,4,8.75,2.25,Poor,53,Low,22,98,100,Healthy,10,17,13
Sports,Discovery Channel,Mobile App,4K,1226,20.433333333333334,153.25,8,8,8.125,3.75,Poor,68,High,44,98,96,Healthy,10,30,29
Sports,Discovery Channel,Mobile App,HD,1220,20.333333333333332,152.5,8,8,6.5588745704467355,3.125,Poor,64,High,44,98,96,Healthy,10,30,31
Sports,Discovery Channel,Mobile App,SD,726,12.1,145.2,5,5,6.6,1.6,Poor,49,Low,27,98,96,At_Risk,10,20,21
Sports,Discovery Channel,Set-Top Box,4K,1560,26.0,141.8181818181818,11,11,7.636363636363637,3.090909090909091,Poor,67,Viral,61,98,99,Healthy,10,40,48
Sports,Discovery Channel,Set-Top Box,HD,640,10.666666666666666,128.0,5,5,6.4,2.0,Poor,49,Low,27,98,99,At_Risk,10,20,19
Sports,Discovery Channel,Set-Top Box,SD,981,16.35,122.625,8,8,10.375,3.375,Poor,63,High,44,98,99,Healthy,10,30,30
Sports,Discovery Channel,Smart Tv,4K,999,16.65,111.0,9,9,7.333333333333333,2.888888888888889,Poor,60,Viral,50,98,95,Healthy,10,34,38
Sports,Discovery Channel,Smart Tv,HD,889,14.816666666666666,127.0,7,7,10.857142857142858,2.5714285714285716,Poor,57,High,38,98,95,Healthy,10,26,28
Sports,Discovery Channel,Smart Tv,SD,650,10.833333333333334,108.33333333333333,6,6,7.333333333333333,2.6666666666666665,Poor,53,Medium,33,98,95,Healthy,10,23,22
Sports,Discovery Channel,Tablet,4K,863,14.383333333333333,143.83333333333334,6,6,4.666666666666667,2.8333333333333335,Fair,58,Medium,33,98,96,Healthy,10,23,21
Sports,Discovery Channel,Tablet,HD,672,11.2,134.4,5,5,9.2,2.6,Poor,54,Low,27,98,96,Healthy,10,20,17
Sports,Discovery Channel,Tablet,SD,860,14.333333333333334,143.33333333333334,6,6,10.578499427262313,2.6666666666666665,Poor,57,Medium,33,98,96,Healthy,10,23,22
Sports,Disney+,Laptop,4K,1804,30.066666666666666,164.0,11,11,8.727272727272727,3.090909090909091,Poor,69,Viral,61,98,100,Healthy,10,40,48
Sports,Disney+,Laptop,HD,601,10.016666666666667,120.2,5,5,4.2,2.6,Fair,52,Low,27,98,100,Healthy,10,20,17
Sports,Disney+,Laptop,SD,1122,18.7,140.25,8,8,7.375,2.625,Poor,60,High,44,98,100,Healthy,10,30,33
Sports,Disney+,Mobile App,4K,1682,28.033333333333335,129.3846153846154,13,13,7.384615384615385,3.230769230769231,Poor,68,Viral,72,98,96,Healthy,10,47,59
Sports,Disney+,Mobile App,HD,387,6.45,96.75,4,4,9.75,2.75,Poor,48,Low,22,98,96,At_Risk,10,17,11
Sports,Disney+,Mobile App,SD,995,16.583333333333332,165.83333333333334,6,6,8.078499427262313,3.8333333333333335,Poor,66,Medium,33,98,96,Healthy,10,23,17
Sports,Disney+,Set-Top Box,4K,252,4.2,84.0,3,3,8.666666666666666,3.0,Poor,45,Low,16,98,99,At_Risk,10,13,4
Sports,Disney+,Set-Top Box,HD,375,6.25,125.0,3,3,10.333333333333334,2.3333333333333335,Poor,46,Low,16,98,99,At_Risk,10,13,7
Sports,Disney+,Set-Top Box,SD,854,14.233333333333333,85.4,10,10,5.5,2.2,Poor,54,Viral,55,98,99,Healthy,10,37,46
Sports,Disney+,Smart Tv,4K,1040,17.333333333333332,148.57142857142858,7,7,6.0,3.4285714285714284,Poor,64,High,38,98,95,Healthy,10,26,25
Sports,Disney+,Smart Tv,HD,374,6.233333333333333,124.66666666666667,3,3,1.6666666666666667,2.3333333333333335,Good,46,Low,16,98,95,At_Risk,10,13,7
Sports,Disney+,Smart Tv,SD,1130,18.833333333333332,125.55555555555556,9,9,10.444444444444445,3.3333333333333335,Poor,64,Viral,50,98,95,Healthy,10,34,36
Sports,Disney+,Tablet,4K,408,6.8,68.0,6,6,4.0,2.5,Fair,48,Medium,33,98,96,At_Risk,10,23,23
Sports,Disney+,Tablet,HD,862,14.366666666666667,172.4,5,5,7.6,2.8,Poor,59,Low,27,98,96,Healthy,10,20,16
Sports,Disney+,Tablet,SD,1082,18.033333333333335,135.25,8,8,4.875,3.0,Fair,62,High,44,98,96,Healthy,10,30,32
Sports,Espn,Laptop,4K,320,5.333333333333333,80.0,4,4,9.25,3.25,Poor,49,Low,22,98,100,At_Risk,10,17,9
Sports,Espn,Laptop,HD,839,13.983333333333333,104.875,8,8,7.375,1.875,Poor,52,High,44,98,100,Healthy,10,30,36
Sports,Espn,Laptop,SD,463,7.716666666666667,115.75,4,4,7.25,2.5,Poor,49,Low,22,98,100,At_Risk,10,17,12
Sports,Espn,Mobile App,4K,759,12.65,126.5,6,6,3.8333333333333335,3.6666666666666665,Fair,61,Medium,33,98,96,Healthy,10,23,18
Sports,Espn,Mobile App,HD,1156,19.266666666666666,165.14285714285714,7,7,6.428571428571429,2.4285714285714284,Poor,60,High,38,98,96,Healthy,10,26,29
Sports,Espn,Mobile App,SD,766,12.766666666666667,153.2,5,5,5.4,4.0,Poor,64,Low,27,98,96,Healthy,10,20,11
Sports,Espn,Set-Top Box,4K,427,7.116666666666666,85.4,5,5,5.6,4.2,Poor,58,Low,27,98,99,Healthy,10,20,10
Sports,Espn,Set-Top Box,HD,861,14.35,172.2,5,5,8.2,3.0,Poor,60,Low,27,98,99,Healthy,10,20,15
Sports,Espn,Set-Top Box,SD,746,12.433333333333334,106.57142857142857,7,7,6.571428571428571,3.4285714285714284,Poor,60,High,38,98,99,Healthy,10,26,25
Sports,Espn,Smart Tv,4K,987,16.45,109.66666666666667,9,9,6.333333333333333,2.4444444444444446,Poor,57,Viral,50,98,95,Healthy,10,34,40
Sports,Espn,Smart Tv,HD,746,12.433333333333334,186.5,4,4,5.0,1.75,Fair,52,Low,22,98,95,Healthy,10,17,15
Sports,Espn,Smart Tv,SD,862,14.366666666666667,172.4,5,5,9.6,3.0,Poor,60,Low,27,98,95,Healthy,10,20,15
Sports,Espn,Tablet,4K,1072,17.866666666666667,119.11111111111111,9,9,5.0,2.5555555555555554,Fair,59,Viral,50,98,96,Healthy,10,34,39
Sports,Espn,Tablet,HD,829,13.816666666666666,103.625,8,8,5.375,2.875,Poor,58,High,44,98,96,Healthy,10,30,32
Sports,Espn,Tablet,SD,521,8.683333333333334,130.25,4,4,7.5,3.75,Poor,58,Low,22,98,96,Healthy,10,17,7
Sports,Fox News,Laptop,4K,458,7.633333333333334,152.66666666666666,3,3,8.333333333333334,2.3333333333333335,Poor,48,Low,16,98,100,At_Risk,10,13,7
Sports,Fox News,Laptop,HD,1447,24.116666666666667,111.3076923076923,13,13,8.190076658736453,3.230769230769231,Poor,67,Viral,72,98,100,Healthy,10,47,59
Sports,Fox News,Laptop,SD,1005,16.75,143.57142857142858,7,7,7.210142366224841,2.857142857142857,Poor,60,High,38,98,100,Healthy,10,26,27
Sports,Fox News,Mobile App,4K,740,12.333333333333334,123.33333333333333,6,6,6.333333333333333,2.1666666666666665,Poor,52,Medium,33,98,96,Healthy,10,23,24
Sports,Fox News,Mobile App,HD,856,14.266666666666667,85.6,10,10,8.147099656357389,3.1,Poor,60,Viral,55,98,96,Healthy,10,37,43
Sports,Fox News,Mobile App,SD,729,12.15,81.0,9,9,7.274555173730432,3.111111111111111,Poor,58,Viral,50,98,96,Healthy,10,34,37
Sports,Fox News,Set-Top Box,4K,1430,23.833333333333332,143.0,10,9,6.5,2.8,Poor,64,Viral,50,98,99,Healthy,11,34,44
Sports,Fox News,Set-Top Box,HD,2100,35.0,140.0,15,15,8.431399770904926,2.6666666666666665,Poor,68,Viral,83,98,99,Healthy,10,53,72
Sports,Fox News,Set-Top Box,SD,609,10.15,87.0,7,7,5.285714285714286,2.0,Poor,49,High,38,98,99,At_Risk,10,26,30
Sports,Fox News,Smart Tv,4K,1181,19.683333333333334,118.1,10,10,4.8,3.4,Fair,65,Viral,55,98,95,Healthy,10,37,41
Sports,Fox News,Smart Tv,HD,983,16.383333333333333,163.83333333333334,6,6,7.666666666666667,3.3333333333333335,Poor,63,Medium,33,98,95,Healthy,10,23,19
Sports,Fox News,Smart Tv,SD,1121,18.683333333333334,160.14285714285714,7,7,8.142857142857142,3.7142857142857144,Poor,67,High,38,98,95,Healthy,10,26,24
Sports,Fox News,Tablet,4K,378,6.3,94.5,4,4,8.867749140893471,2.5,Poor,46,Low,22,98,96,At_Risk,10,17,12
Sports,Fox News,Tablet,HD,532,8.866666666666667,88.66666666666667,6,6,7.5,2.5,Poor,50,Medium,33,98,96,Healthy,10,23,23
Sports,Fox News,Tablet,SD,1747,29.116666666666667,218.375,8,8,5.625,2.75,Poor,69,High,44,98,96,Healthy,10,30,33
Sports,Hbo,Laptop,4K,806,13.433333333333334,115.14285714285714,7,7,6.638713794796269,2.857142857142857,Poor,57,High,38,98,100,Healthy,10,26,27
Sports,Hbo,Laptop,HD,487,8.116666666666667,121.75,4,4,6.5,2.75,Poor,51,Low,22,98,100,Healthy,10,17,11
Sports,Hbo,Laptop,SD,425,7.083333333333333,141.66666666666666,3,3,9.666666666666666,4.0,Poor,57,Low,16,98,100,Healthy,10,13,0
Sports,Hbo,Mobile App,4K,1584,26.4,198.0,8,8,9.433874570446736,3.0,Poor,68,High,44,98,96,Healthy,10,30,32
Sports,Hbo,Mobile App,HD,1116,18.6,111.6,10,10,8.5,3.5,Poor,65,Viral,55,98,96,Healthy,10,37,41
Sports,Hbo,Mobile App,SD,1519,25.316666666666666,138.0909090909091,11,11,8.860999687597626,3.4545454545454546,Poor,69,Viral,61,98,96,Healthy,10,40,47
Sports,Hbo,Set-Top Box,4K,1392,23.2,174.0,8,8,7.75,2.625,Poor,64,High,44,98,99,Healthy,10,30,33
Sports,Hbo,Set-Top Box,HD,698,11.633333333333333,116.33333333333333,6,6,8.833333333333334,2.5,Poor,53,Medium,33,98,99,Healthy,10,23,23
Sports,Hbo,Set-Top Box,SD,912,15.2,101.33333333333333,9,9,8.444444444444445,3.3333333333333335,Poor,62,Viral,50,98,99,Healthy,10,34,36
Sports,Hbo,Smart Tv,4K,1111,18.516666666666666,158.71428571428572,7,7,5.714285714285714,3.0,Poor,63,High,38,98,95,Healthy,10,26,26
Sports,Hbo,Smart Tv,HD,1149,19.15,143.625,8,8,6.75,2.75,Poor,61,High,44,98,95,Healthy,10,30,33
Sports,Hbo,Smart Tv,SD,401,6.683333333333334,66.83333333333333,6,6,7.833333333333333,4.0,Poor,57,Medium,33,98,95,Healthy,10,23,17
Sports,Hbo,Tablet,4K,528,8.8,105.6,5,5,2.0,3.2,Good,54,Low,27,98,96,Healthy,10,20,14
Sports,Hbo,Tablet,HD,364,6.066666666666666,121.33333333333333,3,3,8.0,2.3333333333333335,Poor,45,Low,16,98,96,At_Risk,10,13,7
Sports,Hbo,Tablet,SD,597,9.95,119.4,5,5,8.494199312714777,2.4,Poor,51,Low,27,98,96,Healthy,10,20,18
Sports,Hgtv,Laptop,4K,511,8.516666666666667,73.0,7,6,5.9244280805105545,3.4285714285714284,Poor,56,High,33,98,100,Healthy,11,24,25
Sports,Hgtv,Laptop,HD,441,7.35,147.0,3,3,3.0,4.333333333333333,Fair,60,Low,16,98,100,Healthy,10,13,0
Sports,Hgtv,Laptop,SD,1443,24.05,120.25,12,12,8.666666666666666,1.9166666666666667,Poor,59,Viral,66,98,100,Healthy,10,43,58
Sports,Hgtv,Mobile App,4K,955,15.916666666666666,119.375,8,8,7.0588745704467355,2.75,Poor,58,High,44,98,96,Healthy,10,30,33
Sports,Hgtv,Mobile App,HD,1092,18.2,136.5,8,8,8.375,2.25,Poor,57,High,44,98,96,Healthy,10,30,35
Sports,Hgtv,Mobile App,SD,963,16.05,120.375,8,8,6.367749140893471,2.5,Poor,57,High,44,98,96,Healthy,10,30,34
Sports,Hgtv,Set-Top Box,4K,499,8.316666666666666,99.8,5,5,5.4,4.0,Poor,58,Low,27,98,99,Healthy,10,20,11
Sports,Hgtv,Set-Top Box,HD,992,16.533333333333335,124.0,8,8,6.75,3.875,Poor,66,High,44,98,99,Healthy,10,30,28
Sports,Hgtv,Set-Top Box,SD,445,7.416666666666667,148.33333333333334,3,3,3.0,2.3333333333333335,Fair,48,Low,16,98,99,At_Risk,10,13,7
Sports,Hgtv,Smart Tv,4K,1246,20.766666666666666,124.6,10,10,5.8,2.2,Poor,58,Viral,55,98,95,Healthy,10,37,46
Sports,Hgtv,Smart Tv,HD,238,3.966666666666667,119.0,2,2,8.5,1.0,Poor,33,Low,11,98,95,At_Risk,10,10,7
Sports,Hgtv,Smart Tv,SD,281,4.683333333333334,70.25,4,4,5.25,3.5,Poor,50,Low,22,98,95,Healthy,10,17,8
Sports,Hgtv,Tablet,4K,787,13.116666666666667,157.4,5,5,9.0,2.4,Poor,55,Low,27,98,96,Healthy,10,20,18
Sports,Hgtv,Tablet,HD,304,5.066666666666666,152.0,2,2,7.0,3.0,Poor,49,Low,11,98,96,At_Risk,10,10,0
Sports,Hgtv,Tablet,SD,1448,24.133333333333333,144.8,10,10,6.247099656357388,3.2,Poor,67,Viral,55,98,96,Healthy,10,37,42
Sports,Local Channel,Laptop,4K,453,7.55,151.0,3,3,10.333333333333334,2.0,Poor,46,Low,16,98,100,At_Risk,10,13,8
Sports,Local Channel,Laptop,HD,867,14.45,123.85714285714286,7,7,7.285714285714286,3.142857142857143,Poor,60,High,38,98,100,Healthy,10,26,26
Sports,Local Channel,Laptop,SD,1008,16.8,144.0,7,7,9.857142857142858,3.0,Poor,61,High,38,98,100,Healthy,10,26,26
Sports,Local Channel,Mobile App,4K,914,15.233333333333333,130.57142857142858,7,7,8.781570937653411,3.142857142857143,Poor,60,High,38,98,96,Healthy,10,26,26
Sports,Local Channel,Mobile App,HD,1522,25.366666666666667,217.42857142857142,7,7,8.428571428571429,2.7142857142857144,Poor,67,High,38,98,96,Healthy,10,26,28
Sports,Local Channel,Mobile App,SD,429,7.15,107.25,4,4,8.5,2.75,Poor,49,Low,22,98,96,At_Risk,10,17,11
Sports,Local Channel,Set-Top Box,4K,667,11.116666666666667,111.16666666666667,6,6,9.5,2.6666666666666665,Poor,54,Medium,33,98,99,Healthy,10,23,22
Sports,Local Channel,Set-Top Box,HD,626,10.433333333333334,104.33333333333333,6,6,10.666666666666666,3.5,Poor,58,Medium,33,98,99,Healthy,10,23,19
Sports,Local Channel,Set-Top Box,SD,1135,18.916666666666668,103.18181818181819,11,11,6.363636363636363,3.090909090909091,Poor,63,Viral,61,98,99,Healthy,10,40,48
Sports,Local Channel,Smart Tv,4K,687,11.45,114.5,6,6,8.0,3.1666666666666665,Poor,57,Medium,33,98,95,Healthy,10,23,20
Sports,Local Channel,Smart Tv,HD,439,7.316666666666666,109.75,4,4,6.25,3.5,Poor,54,Low,22,98,95,Healthy,10,17,8
Sports,Local Channel,Smart Tv,SD,539,8.983333333333333,107.8,5,5,3.2,3.6,Fair,57,Low,27,98,95,Healthy,10,20,13
Sports,Local Channel,Tablet,4K,625,10.416666666666666,156.25,4,4,6.75,2.25,Poor,51,Low,22,98,96,Healthy,10,17,13
Sports,Local Channel,Tablet,HD,912,15.2,152.0,6,6,8.333333333333334,3.5,Poor,63,Medium,33,98,96,Healthy,10,23,19
Sports,Local Channel,Tablet,SD,653,10.883333333333333,108.83333333333333,6,6,4.666666666666667,3.8333333333333335,Fair,60,Medium,33,98,96,Healthy,10,23,17
Sports,Nbc,Laptop,4K,512,8.533333333333333,102.4,5,5,11.294199312714778,2.6,Poor,50,Low,27,98,100,Healthy,10,20,17
Sports,Nbc,Laptop,HD,852,14.2,94.66666666666667,9,9,8.16344406261932,3.0,Poor,59,Viral,50,98,100,Healthy,10,34,38
Sports,Nbc,Laptop,SD,192,3.2,96.0,2,2,10.5,3.0,Poor,43,Low,11,98,100,At_Risk,10,10,0
Sports,Nbc,Mobile App,4K,1428,23.8,204.0,7,7,8.428571428571429,2.4285714285714284,Poor,64,High,38,98,96,Healthy,10,26,29
Sports,Nbc,Mobile App,HD,1100,18.333333333333332,91.66666666666667,12,12,5.661832760595647,2.6666666666666665,Poor,60,Viral,66,98,96,Healthy,10,43,55
Sports,Nbc,Mobile App,SD,714,11.9,119.0,6,6,7.333333333333333,3.6666666666666665,Poor,61,Medium,33,98,96,Healthy,10,23,18
Sports,Nbc,Set-Top Box,4K,1133,18.883333333333333,161.85714285714286,7,7,10.0,3.857142857142857,Poor,68,High,38,98,99,Healthy,10,26,23
Sports,Nbc,Set-Top Box,HD,1822,30.366666666666667,151.83333333333334,12,12,8.833333333333334,3.25,Poor,70,Viral,66,98,99,Healthy,10,43,53
Sports,Nbc,Set-Top Box,SD,1486,24.766666666666666,148.6,10,10,10.147099656357389,3.0,Poor,66,Viral,55,98,99,Healthy,10,37,43
Sports,Nbc,Smart Tv,4K,927,15.45,132.42857142857142,7,7,10.857142857142858,2.5714285714285716,Poor,57,High,38,98,95,Healthy,10,26,28
Sports,Nbc,Smart Tv,HD,355,5.916666666666667,118.33333333333333,3,3,4.333333333333333,3.6666666666666665,Fair,53,Low,16,98,95,Healthy,10,13,1
Sports,Nbc,Smart Tv,SD,945,15.75,135.0,7,7,8.142857142857142,2.7142857142857144,Poor,58,High,38,98,95,Healthy,10,26,28
Sports,Nbc,Tablet,4K,585,9.75,146.25,4,4,9.5,2.75,Poor,53,Low,22,98,96,Healthy,10,17,11
Sports,Nbc,Tablet,HD,488,8.133333333333333,81.33333333333333,6,6,9.333333333333334,2.8333333333333335,Poor,52,Medium,33,98,96,Healthy,10,23,21
Sports,Nbc,Tablet,SD,438,7.3,109.5,4,4,5.617749140893471,2.75,Poor,49,Low,22,98,96,At_Risk,10,17,11
Sports,Netflix,Laptop,4K,1119,18.65,139.875,8,8,7.25,2.875,Poor,61,High,44,98,100,Healthy,10,30,32
Sports,Netflix,Laptop,HD,1222,20.366666666666667,111.0909090909091,11,11,7.909090909090909,3.0,Poor,63,Viral,61,98,100,Healthy,10,40,49
Sports,Netflix,Laptop,SD,607,10.116666666666667,121.4,5,5,9.8,3.6,Poor,58,Low,27,98,100,Healthy,10,20,13
Sports,Netflix,Mobile App,4K,741,12.35,148.2,5,5,9.8,3.8,Poor,62,Low,27,98,96,Healthy,10,20,12
Sports,Netflix,Mobile App,HD,522,8.7,130.5,4,4,8.75,2.0,Poor,47,Low,22,98,96,At_Risk,10,17,14
Sports,Netflix,Mobile App,SD,373,6.216666666666667,93.25,4,4,4.0,3.25,Fair,51,Low,22,98,96,Healthy,10,17,9
Sports,Netflix,Set-Top Box,4K,339,5.65,84.75,4,4,10.0,2.25,Poor,44,Low,22,98,99,At_Risk,10,17,13
Sports,Netflix,Set-Top Box,HD,1492,24.866666666666667,124.33333333333333,12,12,7.0,3.3333333333333335,Poor,68,Viral,66,98,99,Healthy,10,43,53
Sports,Netflix,Set-Top Box,SD,624,10.4,124.8,5,5,10.4,2.6,Poor,53,Low,27,98,99,Healthy,10,20,17
Sports,Netflix,Smart Tv,4K,1161,19.35,116.1,10,10,6.9412989690721645,2.6,Poor,60,Viral,55,98,95,Healthy,10,37,45
Sports,Netflix,Smart Tv,HD,1240,20.666666666666668,112.72727272727273,11,11,6.497363323961263,3.0,Poor,63,Viral,61,98,95,Healthy,10,40,49
Sports,Netflix,Smart Tv,SD,1373,22.883333333333333,114.41666666666667,12,12,8.205916380297824,3.3333333333333335,Poor,66,Viral,66,98,95,Healthy,10,43,53
Sports,Netflix,Tablet,4K,907,15.116666666666667,129.57142857142858,7,7,8.571428571428571,2.7142857142857144,Poor,58,High,38,98,96,Healthy,10,26,28
Sports,Netflix,Tablet,HD,723,12.05,120.5,6,6,9.666666666666666,3.6666666666666665,Poor,61,Medium,33,98,96,Healthy,10,23,18
Sports,Netflix,Tablet,SD,105,1.75,52.5,2,2,11.5,3.0,Poor,38,Low,11,98,96,At_Risk,10,10,0
Sports,Showtime,Laptop,4K,930,15.5,186.0,5,5,7.6,2.2,Poor,57,Low,27,98,100,Healthy,10,20,18
Sports,Showtime,Laptop,HD,830,13.833333333333334,103.75,8,8,7.4338745704467355,3.0,Poor,58,High,44,98,100,Healthy,10,30,32
Sports,Showtime,Laptop,SD,1028,17.133333333333333,93.45454545454545,11,11,7.818181818181818,3.6363636363636362,Poor,65,Viral,61,98,100,Healthy,10,40,46
Sports,Showtime,Mobile App,4K,1339,22.316666666666666,121.72727272727273,11,11,6.363636363636363,4.090909090909091,Poor,71,Viral,61,98,96,Healthy,10,40,44
Sports,Showtime,Mobile App,HD,736,12.266666666666667,122.66666666666667,6,6,8.5,3.6666666666666665,Poor,61,Medium,33,98,96,Healthy,10,23,18
Sports,Showtime,Mobile App,SD,986,16.433333333333334,123.25,8,8,9.375,2.75,Poor,59,High,44,98,96,Healthy,10,30,33
Sports,Showtime,Set-Top Box,4K,918,15.3,183.6,5,5,11.0,3.2,Poor,62,Low,27,98,99,Healthy,10,20,14
Sports,Showtime,Set-Top Box,HD,629,10.483333333333333,104.83333333333333,6,6,10.0,3.3333333333333335,Poor,57,Medium,33,98,99,Healthy,10,23,19
Sports,Showtime,Set-Top Box,SD,1088,18.133333333333333,136.0,8,8,4.0,3.375,Fair,64,High,44,98,99,Healthy,10,30,30
Sports,Showtime,Smart Tv,4K,507,8.45,101.4,5,5,7.694199312714777,4.2,Poor,60,Low,27,98,95,Healthy,10,20,10
Sports,Showtime,Smart Tv,HD,525,8.75,65.625,8,8,8.058874570446736,3.25,Poor,56,High,44,98,95,Healthy,10,30,31
Sports,Showtime,Smart Tv,SD,651,10.85,108.5,6,6,10.5,2.3333333333333335,Poor,51,Medium,33,98,95,Healthy,10,23,23
Sports,Showtime,Tablet,4K,856,14.266666666666667,142.66666666666666,6,6,7.833333333333333,3.0,Poor,59,Medium,33,98,96,Healthy,10,23,21
Sports,Showtime,Tablet,HD,189,3.15,47.25,4,4,5.0,3.5,Fair,47,Low,22,98,96,At_Risk,10,17,8
Sports,Showtime,Tablet,SD,926,15.433333333333334,102.88888888888889,9,9,7.111111111111111,3.111111111111111,Poor,60,Viral,50,98,96,Healthy,10,34,37
Talk Show,Abc,Laptop,4K,1056,17.6,105.6,10,10,6.6,2.9,Poor,61,Viral,55,98,100,Healthy,10,37,43
Talk Show,Abc,Laptop,HD,845,14.083333333333334,105.625,8,8,10.75,2.625,Poor,56,High,44,98,100,Healthy,10,30,33
Talk Show,Abc,Laptop,SD,663,11.05,132.6,5,5,7.6,3.2,Poor,57,Low,27,98,100,Healthy,10,20,14
Talk Show,Abc,Mobile App,4K,903,15.05,129.0,7,7,5.428571428571429,4.142857142857143,Poor,66,High,38,98,96,Healthy,10,26,22
Talk Show,Abc,Mobile App,HD,485,8.083333333333334,80.83333333333333,6,6,8.411832760595647,2.1666666666666665,Poor,47,Medium,33,98,96,At_Risk,10,23,24
Talk Show,Abc,Mobile App,SD,1118,18.633333333333333,101.63636363636364,11,11,5.2727272727272725,3.3636363636363638,Poor,64,Viral,61,98,96,Healthy,10,40,47
Talk Show,Abc,Set-Top Box,4K,584,9.733333333333333,97.33333333333333,6,6,6.24516609392898,3.1666666666666665,Poor,55,Medium,33,98,99,Healthy,10,23,20
Talk Show,Abc,Set-Top Box,HD,1621,27.016666666666666,180.11111111111111,9,9,7.4967773959526545,2.2222222222222223,Poor,63,Viral,50,98,99,Healthy,10,34,41
Talk Show,Abc,Set-Top Box,SD,707,11.783333333333333,117.83333333333333,6,6,6.833333333333333,3.1666666666666665,Poor,57,Medium,33,98,99,Healthy,10,23,20
Talk Show,Abc,Smart Tv,4K,497,8.283333333333333,99.4,5,5,8.0,3.0,Poor,52,Low,27,98,95,Healthy,10,20,15
Talk Show,Abc,Smart Tv,HD,543,9.05,90.5,6,6,5.666666666666667,2.1666666666666665,Poor,49,Medium,33,98,95,At_Risk,10,23,24
Talk Show,Abc,Smart Tv,SD,760,12.666666666666666,152.0,5,5,5.4,2.2,Poor,53,Low,27,98,95,Healthy,10,20,18
Talk Show,Abc,Tablet,4K,1698,28.3,130.6153846153846,13,13,7.461538461538462,3.076923076923077,Poor,68,Viral,72,98,96,Healthy,10,47,59
Talk Show,Abc,Tablet,HD,1503,25.05,167.0,9,9,3.7777777777777777,2.7777777777777777,Fair,65,Viral,50,98,96,Healthy,10,34,38
Talk Show,Abc,Tablet,SD,881,14.683333333333334,88.1,10,10,6.9,3.4,Poor,62,Viral,55,98,96,Healthy,10,37,41
Talk Show,Amc,Laptop,4K,874,14.566666666666666,97.11111111111111,9,9,9.333333333333334,3.5555555555555554,Poor,62,Viral,50,98,100,Healthy,10,34,35
Talk Show,Amc,Laptop,HD,741,12.35,123.5,6,6,7.666666666666667,2.8333333333333335,Poor,56,Medium,33,98,100,Healthy,10,23,21
Talk Show,Amc,Laptop,SD,1012,16.866666666666667,101.2,10,10,9.947099656357388,3.8,Poor,66,Viral,55,98,100,Healthy,10,37,40
Talk Show,Amc,Mobile App,4K,902,15.033333333333333,180.4,5,5,11.894199312714777,3.6,Poor,65,Low,27,98,96,Healthy,10,20,13
Talk Show,Amc,Mobile App,HD,390,6.5,130.0,3,3,5.333333333333333,3.0,Poor,50,Low,16,98,96,Healthy,10,13,4
Talk Show,Amc,Mobile App,SD,558,9.3,111.6,5,5,3.6,3.4,Fair,56,Low,27,98,96,Healthy,10,20,14
Talk Show,Amc,Set-Top Box,4K,357,5.95,89.25,4,4,4.117749140893471,2.75,Fair,47,Low,22,98,99,At_Risk,10,17,11
Talk Show,Amc,Set-Top Box,HD,904,15.066666666666666,100.44444444444444,9,9,9.444444444444445,3.2222222222222223,Poor,61,Viral,50,98,99,Healthy,10,34,37
Talk Show,Amc,Set-Top Box,SD,448,7.466666666666667,74.66666666666667,6,6,8.833333333333334,2.8333333333333335,Poor,51,Medium,33,98,99,Healthy,10,23,21
Talk Show,Amc,Smart Tv,4K,745,12.416666666666666,124.16666666666667,6,6,9.578499427262313,4.166666666666667,Poor,64,Medium,33,98,95,Healthy,10,23,16
Talk Show,Amc,Smart Tv,HD,272,4.533333333333333,68.0,4,4,7.75,3.75,Poor,51,Low,22,98,95,Healthy,10,17,7
Talk Show,Amc,Smart Tv,SD,750,12.5,107.14285714285714,7,7,6.285714285714286,2.857142857142857,Poor,56,High,38,98,95,Healthy,10,26,27
Talk Show,Amc,Tablet,4K,591,9.85,118.2,5,5,12.4,2.6,Poor,52,Low,27,98,96,Healthy,10,20,17
Talk Show,Amc,Tablet,HD,395,6.583333333333333,98.75,4,4,5.75,3.0,Poor,50,Low,22,98,96,Healthy,10,17,10
Talk Show,Amc,Tablet,SD,757,12.616666666666667,126.16666666666667,6,6,8.0,3.3333333333333335,Poor,59,Medium,33,98,96,Healthy,10,23,19
Talk Show,Cbs,Laptop,4K,633,10.55,158.25,4,4,11.25,3.5,Poor,59,Low,22,98,100,Healthy,10,17,8
Talk Show,Cbs,Laptop,HD,1022,17.033333333333335,102.2,10,10,7.3,2.4,Poor,57,Viral,55,98,100,Healthy,10,37,45
Talk Show,Cbs,Laptop,SD,1053,17.55,131.625,8,8,11.25,2.75,Poor,60,High,44,98,100,Healthy,10,30,33
Talk Show,Cbs,Mobile App,4K,911,15.183333333333334,227.75,4,4,9.367749140893471,4.75,Poor,74,Low,22,98,96,Healthy,10,17,3
Talk Show,Cbs,Mobile App,HD,1686,28.1,187.33333333333334,9,9,6.222222222222222,3.0,Poor,69,Viral,50,98,96,Healthy,10,34,38
Talk Show,Cbs,Mobile App,SD,796,13.266666666666667,199.0,4,4,4.75,3.25,Fair,62,Low,22,98,96,Healthy,10,17,9
Talk Show,Cbs,Set-Top Box,4K,343,5.716666666666667,68.6,5,5,6.4,2.4,Poor,46,Low,27,98,99,At_Risk,10,20,18
Talk Show,Cbs,Set-Top Box,HD,652,10.866666666666667,108.66666666666667,6,6,6.5,2.3333333333333335,Poor,51,Medium,33,98,99,Healthy,10,23,23
Talk Show,Cbs,Set-Top Box,SD,419,6.983333333333333,139.66666666666666,3,3,6.333333333333333,3.0,Poor,51,Low,16,98,99,Healthy,10,13,4
Talk Show,Cbs,Smart Tv,4K,113,1.8833333333333333,56.5,2,2,7.735498281786942,3.5,Poor,41,Low,11,98,95,At_Risk,10,10,0
Talk Show,Cbs,Smart Tv,HD,535,8.916666666666666,107.0,5,5,12.6,3.0,Poor,53,Low,27,98,95,Healthy,10,20,15
Talk Show,Cbs,Smart Tv,SD,1535,25.583333333333332,139.54545454545453,11,11,7.545454545454546,3.090909090909091,Poor,67,Viral,61,98,95,Healthy,10,40,48
Talk Show,Cbs,Tablet,4K,525,8.75,131.25,4,4,8.117749140893471,3.75,Poor,58,Low,22,98,96,Healthy,10,17,7
Talk Show,Cbs,Tablet,HD,1503,25.05,150.3,10,10,8.2,3.3,Poor,68,Viral,55,98,96,Healthy,10,37,42
Talk Show,Cbs,Tablet,SD,615,10.25,153.75,4,4,7.75,3.0,Poor,56,Low,22,98,96,Healthy,10,17,10
Talk Show,Cnn,Laptop,4K,399,6.65,99.75,4,4,9.25,3.75,Poor,54,Low,22,98,100,Healthy,10,17,7
Talk Show,Cnn,Laptop,HD,876,14.6,97.33333333333333,9,9,7.666666666666667,3.111111111111111,Poor,60,Viral,50,98,100,Healthy,10,34,37
Talk Show,Cnn,Laptop,SD,954,15.9,119.25,8,8,5.6838745704467355,3.125,Poor,61,High,44,98,100,Healthy,10,30,31
Talk Show,Cnn,Mobile App,4K,976,16.266666666666666,139.42857142857142,7,7,8.781570937653411,3.142857142857143,Poor,61,High,38,98,96,Healthy,10,26,26
Talk Show,Cnn,Mobile App,HD,1422,23.7,129.27272727272728,11,11,7.0,2.6363636363636362,Poor,63,Viral,61,98,96,Healthy,10,40,50
Talk Show,Cnn,Mobile App,SD,1007,16.783333333333335,167.83333333333334,6,6,7.0,4.0,Poor,68,Medium,33,98,96,Healthy,10,23,17
Talk Show,Cnn,Set-Top Box,4K,807,13.45,134.5,6,6,8.333333333333334,3.1666666666666665,Poor,59,Medium,33,98,99,Healthy,10,23,20
Talk Show,Cnn,Set-Top Box,HD,781,13.016666666666667,97.625,8,8,6.625,3.25,Poor,59,High,44,98,99,Healthy,10,30,31
Talk Show,Cnn,Set-Top Box,SD,384,6.4,128.0,3,3,7.333333333333333,3.6666666666666665,Poor,54,Low,16,98,99,Healthy,10,13,1
Talk Show,Cnn,Smart Tv,4K,207,3.45,103.5,2,2,6.5,3.0,Poor,43,Low,11,98,95,At_Risk,10,10,0
Talk Show,Cnn,Smart Tv,HD,790,13.166666666666666,158.0,5,5,7.2,2.8,Poor,57,Low,27,98,95,Healthy,10,20,16
Talk Show,Cnn,Smart Tv,SD,652,10.866666666666667,163.0,4,4,9.0,2.5,Poor,54,Low,22,98,95,Healthy,10,17,12
Talk Show,Cnn,Tablet,4K,332,5.533333333333333,166.0,2,2,11.0,3.5,Poor,53,Low,11,98,96,Healthy,10,10,0
Talk Show,Cnn,Tablet,HD,929,15.483333333333333,132.71428571428572,7,7,7.571428571428571,2.7142857142857144,Poor,58,High,38,98,96,Healthy,10,26,28
Talk Show,Cnn,Tablet,SD,761,12.683333333333334,126.83333333333333,6,6,7.166666666666667,3.6666666666666665,Poor,61,Medium,33,98,96,Healthy,10,23,18
Talk Show,Discovery Channel,Laptop,4K,1414,23.566666666666666,141.4,10,10,8.0,3.1,Poor,66,Viral,55,98,100,Healthy,10,37,43
Talk Show,Discovery Channel,Laptop,HD,821,13.683333333333334,117.28571428571429,7,7,6.285714285714286,2.857142857142857,Poor,57,High,38,98,100,Healthy,10,26,27
Talk Show,Discovery Channel,Laptop,SD,271,4.516666666666667,67.75,4,4,5.25,3.25,Poor,48,Low,22,98,100,At_Risk,10,17,9
Talk Show,Discovery Channel,Mobile App,4K,775,12.916666666666666,129.16666666666666,6,6,8.0,3.0,Poor,58,Medium,33,98,96,Healthy,10,23,21
Talk Show,Discovery Channel,Mobile App,HD,542,9.033333333333333,90.33333333333333,6,6,6.833333333333333,3.6666666666666665,Poor,57,Medium,33,98,96,Healthy,10,23,18
Talk Show,Discovery Channel,Mobile App,SD,700,11.666666666666666,140.0,5,5,8.8,2.6,Poor,54,Low,27,98,96,Healthy,10,20,17
Talk Show,Discovery Channel,Set-Top Box,4K,1421,23.683333333333334,142.1,10,10,6.3,2.4,Poor,62,Viral,55,98,99,Healthy,10,37,45
Talk Show,Discovery Channel,Set-Top Box,HD,691,11.516666666666667,115.16666666666667,6,6,5.166666666666667,3.6666666666666665,Poor,60,Medium,33,98,99,Healthy,10,23,18
Talk Show,Discovery Channel,Set-Top Box,SD,544,9.066666666666666,77.71428571428571,7,7,5.067285223367698,3.142857142857143,Poor,55,High,38,98,99,Healthy,10,26,26
Talk Show,Discovery Channel,Smart Tv,4K,781,13.016666666666667,111.57142857142857,7,7,10.571428571428571,3.2857142857142856,Poor,59,High,38,98,95,Healthy,10,26,25
Talk Show,Discovery Channel,Smart Tv,HD,1274,21.233333333333334,141.55555555555554,9,9,6.666666666666667,2.7777777777777777,Poor,62,Viral,50,98,95,Healthy,10,34,38
Talk Show,Discovery Channel,Smart Tv,SD,1212,20.2,110.18181818181819,11,11,6.588272414870354,3.3636363636363638,Poor,65,Viral,61,98,95,Healthy,10,40,47
Talk Show,Discovery Channel,Tablet,4K,975,16.25,121.875,8,8,5.5,3.25,Poor,62,High,44,98,96,Healthy,10,30,31
Talk Show,Discovery Channel,Tablet,HD,228,3.8,228.0,1,1,6.0,3.0,Poor,51,Low,5,98,96,Healthy,10,7,0
Talk Show,Discovery Channel,Tablet,SD,843,14.05,168.6,5,5,8.0,3.2,Poor,61,Low,27,98,96,Healthy,10,20,14
Talk Show,Disney+,Laptop,4K,520,8.666666666666666,130.0,4,4,4.25,3.5,Fair,56,Low,22,98,100,Healthy,10,17,8
Talk Show,Disney+,Laptop,HD,1536,25.6,128.0,12,12,6.666666666666667,3.0833333333333335,Poor,66,Viral,66,98,100,Healthy,10,43,54
Talk Show,Disney+,Laptop,SD,426,7.1,106.5,4,4,6.0,2.75,Poor,49,Low,22,98,100,At_Risk,10,17,11
Talk Show,Disney+,Mobile App,4K,874,14.566666666666666,124.85714285714286,7,7,8.142857142857142,2.857142857142857,Poor,58,High,38,98,96,Healthy,10,26,27
Talk Show,Disney+,Mobile App,HD,1781,29.683333333333334,161.9090909090909,11,11,9.085635738831614,3.0,Poor,68,Viral,61,98,96,Healthy,10,40,49
Talk Show,Disney+,Mobile App,SD,1029,17.15,114.33333333333333,9,9,8.555555555555555,2.6666666666666665,Poor,59,Viral,50,98,96,Healthy,10,34,39
Talk Show,Disney+,Set-Top Box,4K,561,9.35,80.14285714285714,7,7,8.857142857142858,3.5714285714285716,Poor,58,High,38,98,99,Healthy,10,26,24
Talk Show,Disney+,Set-Top Box,HD,1035,17.25,115.0,9,9,6.444444444444445,3.0,Poor,61,Viral,50,98,99,Healthy,10,34,38
Talk Show,Disney+,Set-Top Box,SD,892,14.866666666666667,127.42857142857143,7,7,5.428571428571429,3.2857142857142856,Poor,61,High,38,98,99,Healthy,10,26,25
Talk Show,Disney+,Smart Tv,4K,1027,17.116666666666667,114.11111111111111,9,9,8.777777777777779,3.4444444444444446,Poor,64,Viral,50,98,95,Healthy,10,34,36
Talk Show,Disney+,Smart Tv,HD,1194,19.9,132.66666666666666,9,9,7.111111111111111,3.2222222222222223,Poor,64,Viral,50,98,95,Healthy,10,34,37
Talk Show,Disney+,Smart Tv,SD,936,15.6,156.0,6,6,7.411832760595647,3.3333333333333335,Poor,62,Medium,33,98,95,Healthy,10,23,19
Talk Show,Disney+,Tablet,4K,543,9.05,181.0,3,3,5.333333333333333,3.0,Poor,55,Low,16,98,96,Healthy,10,13,4
Talk Show,Disney+,Tablet,HD,651,10.85,130.2,5,5,6.988398625429554,4.0,Poor,62,Low,27,98,96,Healthy,10,20,11
Talk Show,Disney+,Tablet,SD,237,3.95,79.0,3,3,2.6666666666666665,4.0,Fair,51,Low,16,98,96,Healthy,10,13,0
Talk Show,Espn,Laptop,4K,868,14.466666666666667,144.66666666666666,6,6,9.333333333333334,3.0,Poor,59,Medium,33,98,100,Healthy,10,23,21
Talk Show,Espn,Laptop,HD,903,15.05,112.875,8,8,9.375,2.625,Poor,57,High,44,98,100,Healthy,10,30,33
Talk Show,Espn,Laptop,SD,1015,16.916666666666668,126.875,8,8,6.875,2.625,Poor,59,High,44,98,100,Healthy,10,30,33
Talk Show,Espn,Mobile App,4K,1330,22.166666666666668,166.25,8,8,6.3088745704467355,3.125,Poor,66,High,44,98,96,Healthy,10,30,31
Talk Show,Espn,Mobile App,HD,825,13.75,103.125,8,8,6.875,3.25,Poor,60,High,44,98,96,Healthy,10,30,31
Talk Show,Espn,Mobile App,SD,879,14.65,125.57142857142857,7,7,7.210142366224841,3.857142857142857,Poor,64,High,38,98,96,Healthy,10,26,23
Talk Show,Espn,Set-Top Box,4K,506,8.433333333333334,72.28571428571429,7,7,8.857142857142858,3.857142857142857,Poor,59,High,38,98,99,Healthy,10,26,23
Talk Show,Espn,Set-Top Box,HD,702,11.7,87.75,8,8,9.0,3.375,Poor,59,High,44,98,99,Healthy,10,30,30
Talk Show,Espn,Set-Top Box,SD,883,14.716666666666667,147.16666666666666,6,6,12.5,3.8333333333333335,Poor,65,Medium,33,98,99,Healthy,10,23,17
Talk Show,Espn,Smart Tv,4K,1168,19.466666666666665,146.0,8,8,4.875,3.125,Fair,64,High,44,98,95,Healthy,10,30,31
Talk Show,Espn,Smart Tv,HD,259,4.316666666666666,86.33333333333333,3,3,6.0,3.0,Poor,45,Low,16,98,95,At_Risk,10,13,4
Talk Show,Espn,Smart Tv,SD,1115,18.583333333333332,159.28571428571428,7,7,7.0,2.2857142857142856,Poor,58,High,38,98,95,Healthy,10,26,29
Talk Show,Espn,Tablet,4K,859,14.316666666666666,171.8,5,5,5.6,3.2,Poor,61,Low,27,98,96,Healthy,10,20,14
Talk Show,Espn,Tablet,HD,609,10.15,76.125,8,8,4.875,3.0,Fair,55,High,44,98,96,Healthy,10,30,32
Talk Show,Espn,Tablet,SD,24,0.4,24.0,1,1,12.0,1.0,Poor,17,Low,5,98,96,Critical,10,7,1
Talk Show,Fox News,Laptop,4K,1022,17.033333333333335,170.33333333333334,6,6,7.5,2.8333333333333335,Poor,61,Medium,33,98,100,Healthy,10,23,21
Talk Show,Fox News,Laptop,HD,746,12.433333333333334,124.33333333333333,6,6,6.411832760595647,2.8333333333333335,Poor,56,Medium,33,98,100,Healthy,10,23,21
Talk Show,Fox News,Laptop,SD,695,11.583333333333334,115.83333333333333,6,6,8.745166093928981,2.1666666666666665,Poor,51,Medium,33,98,100,Healthy,10,23,24
Talk Show,Fox News,Mobile App,4K,1201,20.016666666666666,150.125,8,8,7.5,3.75,Poor,68,High,44,98,96,Healthy,10,30,29
Talk Show,Fox News,Mobile App,HD,607,10.116666666666667,86.71428571428571,7,7,8.428571428571429,3.0,Poor,55,High,38,98,96,Healthy,10,26,26
Talk Show,Fox News,Mobile App,SD,1080,18.0,120.0,9,9,6.666666666666667,2.5555555555555554,Poor,59,Viral,50,98,96,Healthy,10,34,39
Talk Show,Fox News,Set-Top Box,4K,821,13.683333333333334,205.25,4,4,9.5,2.25,Poor,57,Low,22,98,99,Healthy,10,17,13
Talk Show,Fox News,Set-Top Box,HD,945,15.75,118.125,8,8,8.875,2.75,Poor,58,High,44,98,99,Healthy,10,30,33
Talk Show,Fox News,Set-Top Box,SD,941,15.683333333333334,117.625,8,8,6.75,3.25,Poor,61,High,44,98,99,Healthy,10,30,31
Talk Show,Fox News,Smart Tv,4K,1172,19.533333333333335,167.42857142857142,7,7,6.428571428571429,2.5714285714285716,Poor,61,High,38,98,95,Healthy,10,26,28
Talk Show,Fox News,Smart Tv,HD,423,7.05,105.75,4,4,7.0,2.0,Poor,45,Low,22,98,95,At_Risk,10,17,14
Talk Show,Fox News,Smart Tv,SD,467,7.783333333333333,77.83333333333333,6,6,7.833333333333333,2.8333333333333335,Poor,51,Medium,33,98,95,Healthy,10,23,21
Talk Show,Fox News,Tablet,4K,379,6.316666666666666,75.8,5,5,9.0,3.2,Poor,51,Low,27,98,96,Healthy,10,20,14
Talk Show,Fox News,Tablet,HD,340,5.666666666666667,113.33333333333333,3,3,7.0,3.3333333333333335,Poor,50,Low,16,98,96,Healthy,10,13,3
Talk Show,Fox News,Tablet,SD,456,7.6,91.2,5,5,6.4,4.2,Poor,59,Low,27,98,96,Healthy,10,20,10
Talk Show,Hbo,Laptop,4K,976,16.266666666666666,122.0,8,8,9.875,2.75,Poor,59,High,44,98,100,Healthy,10,30,33
Talk Show,Hbo,Laptop,HD,250,4.166666666666667,125.0,2,2,1.5,3.0,Good,46,Low,11,98,100,At_Risk,10,10,0
Talk Show,Hbo,Laptop,SD,794,13.233333333333333,198.5,4,4,10.0,3.5,Poor,63,Low,22,98,100,Healthy,10,17,8
Talk Show,Hbo,Mobile App,4K,329,5.483333333333333,164.5,2,2,11.0,2.0,Poor,44,Low,11,98,96,At_Risk,10,10,3
Talk Show,Hbo,Mobile App,HD,1819,30.316666666666666,165.36363636363637,11,11,5.2727272727272725,2.8181818181818183,Poor,68,Viral,61,98,96,Healthy,10,40,49
Talk Show,Hbo,Mobile App,SD,288,4.8,96.0,3,3,8.666666666666666,3.0,Poor,46,Low,16,98,96,At_Risk,10,13,4
Talk Show,Hbo,Set-Top Box,4K,742,12.366666666666667,148.4,5,5,8.0,3.2,Poor,59,Low,27,98,99,Healthy,10,20,14
Talk Show,Hbo,Set-Top Box,HD,1345,22.416666666666668,192.14285714285714,7,7,7.571428571428571,2.7142857142857144,Poor,64,High,38,98,99,Healthy,10,26,28
Talk Show,Hbo,Set-Top Box,SD,1303,21.716666666666665,144.77777777777777,9,9,6.666666666666667,3.0,Poor,64,Viral,50,98,99,Healthy,10,34,38
Talk Show,Hbo,Smart Tv,4K,1202,20.033333333333335,150.25,8,8,9.125,3.375,Poor,65,High,44,98,95,Healthy,10,30,30
Talk Show,Hbo,Smart Tv,HD,1498,24.966666666666665,149.8,10,10,9.8,3.0,Poor,66,Viral,55,98,95,Healthy,10,37,43
Talk Show,Hbo,Smart Tv,SD,887,14.783333333333333,147.83333333333334,6,6,6.411832760595647,3.5,Poor,63,Medium,33,98,95,Healthy,10,23,19
Talk Show,Hbo,Tablet,4K,149,2.4833333333333334,49.666666666666664,3,3,8.666666666666666,3.0,Poor,42,Low,16,98,96,At_Risk,10,13,4
Talk Show,Hbo,Tablet,HD,1583,26.383333333333333,121.76923076923077,13,13,9.307692307692308,2.3846153846153846,Poor,63,Viral,72,98,96,Healthy,10,47,62
Talk Show,Hbo,Tablet,SD,286,4.766666666666667,57.2,5,5,6.6,3.2,Poor,49,Low,27,98,96,At_Risk,10,20,14
Talk Show,Hgtv,Laptop,4K,1046,17.433333333333334,149.42857142857142,7,7,7.428571428571429,2.5714285714285716,Poor,59,High,38,98,100,Healthy,10,26,28
Talk Show,Hgtv,Laptop,HD,469,7.816666666666666,93.8,5,5,5.8,3.2,Poor,53,Low,27,98,100,Healthy,10,20,14
Talk Show,Hgtv,Laptop,SD,302,5.033333333333333,100.66666666666667,3,3,11.333333333333334,3.0,Poor,47,Low,16,98,100,At_Risk,10,13,4
Talk Show,Hgtv,Mobile App,4K,846,14.1,120.85714285714286,7,7,9.0,3.0,Poor,59,High,38,98,96,Healthy,10,26,26
Talk Show,Hgtv,Mobile App,HD,1259,20.983333333333334,114.45454545454545,11,11,7.454545454545454,3.6363636363636362,Poor,67,Viral,61,98,96,Healthy,10,40,46
Talk Show,Hgtv,Mobile App,SD,648,10.8,92.57142857142857,7,7,6.0,3.7142857142857144,Poor,60,High,38,98,96,Healthy,10,26,24
Talk Show,Hgtv,Set-Top Box,4K,982,16.366666666666667,122.75,8,8,8.933874570446735,2.5,Poor,57,High,44,98,99,Healthy,10,30,34
Talk Show,Hgtv,Set-Top Box,HD,699,11.65,116.5,6,6,8.833333333333334,3.3333333333333335,Poor,58,Medium,33,98,99,Healthy,10,23,19
Talk Show,Hgtv,Set-Top Box,SD,721,12.016666666666667,144.2,5,5,6.6,2.8,Poor,56,Low,27,98,99,Healthy,10,20,16
Talk Show,Hgtv,Smart Tv,4K,812,13.533333333333333,135.33333333333334,6,6,6.666666666666667,2.6666666666666665,Poor,56,Medium,33,98,95,Healthy,10,23,22
Talk Show,Hgtv,Smart Tv,HD,436,7.266666666666667,109.0,4,4,7.367749140893471,3.0,Poor,51,Low,22,98,95,Healthy,10,17,10
Talk Show,Hgtv,Smart Tv,SD,754,12.566666666666666,125.66666666666667,6,6,7.411832760595647,3.0,Poor,57,Medium,33,98,95,Healthy,10,23,21
Talk Show,Hgtv,Tablet,4K,591,9.85,84.42857142857143,7,7,4.714285714285714,3.142857142857143,Fair,56,High,38,98,96,Healthy,10,26,26
Talk Show,Hgtv,Tablet,HD,996,16.6,124.5,8,8,9.25,3.125,Poor,61,High,44,98,96,Healthy,10,30,31
Talk Show,Hgtv,Tablet,SD,957,15.95,95.7,10,10,8.7,2.5,Poor,57,Viral,55,98,96,Healthy,10,37,45
Talk Show,Local Channel,Laptop,4K,278,4.633333333333334,92.66666666666667,3,3,4.0,4.0,Fair,52,Low,16,98,100,Healthy,10,13,0
Talk Show,Local Channel,Laptop,HD,524,8.733333333333333,104.8,5,5,6.6,3.4,Poor,55,Low,27,98,100,Healthy,10,20,14
Talk Show,Local Channel,Laptop,SD,892,14.866666666666667,89.2,10,10,4.8,3.0,Fair,60,Viral,55,98,100,Healthy,10,37,43
Talk Show,Local Channel,Mobile App,4K,530,8.833333333333334,106.0,5,5,5.2,2.0,Poor,47,Low,27,98,96,At_Risk,10,20,19
Talk Show,Local Channel,Mobile App,HD,590,9.833333333333334,98.33333333333333,6,6,2.6666666666666665,3.8333333333333335,Fair,59,Medium,33,98,96,Healthy,10,23,17
Talk Show,Local Channel,Mobile App,SD,774,12.9,193.5,4,4,6.367749140893471,2.75,Poor,58,Low,22,98,96,Healthy,10,17,11
Talk Show,Local Channel,Set-Top Box,4K,1578,26.3,143.45454545454547,11,11,6.818181818181818,3.1818181818181817,Poor,68,Viral,61,98,99,Healthy,10,40,48
Talk Show,Local Channel,Set-Top Box,HD,641,10.683333333333334,80.125,8,8,5.0,2.625,Fair,54,High,44,98,99,Healthy,10,30,33
Talk Show,Local Channel,Set-Top Box,SD,582,9.7,116.4,5,5,11.6,2.6,Poor,52,Low,27,98,99,Healthy,10,20,17
Talk Show,Local Channel,Smart Tv,4K,344,5.733333333333333,86.0,4,4,9.0,2.0,Poor,42,Low,22,98,95,At_Risk,10,17,14
Talk Show,Local Channel,Smart Tv,HD,861,14.35,143.5,6,6,7.833333333333333,3.0,Poor,59,Medium,33,98,95,Healthy,10,23,21
Talk Show,Local Channel,Smart Tv,SD,925,15.416666666666666,115.625,8,8,9.808874570446736,3.25,Poor,61,High,44,98,95,Healthy,10,30,31
Talk Show,Local Channel,Tablet,4K,844,14.066666666666666,140.66666666666666,6,6,3.6666666666666665,2.5,Fair,56,Medium,33,98,96,Healthy,10,23,23
Talk Show,Local Channel,Tablet,HD,1329,22.15,221.5,6,6,10.166666666666666,3.3333333333333335,Poor,69,Medium,33,98,96,Healthy,10,23,19
Talk Show,Local Channel,Tablet,SD,531,8.85,132.75,4,4,6.0,2.75,Poor,52,Low,22,98,96,Healthy,10,17,11
Talk Show,Nbc,Laptop,4K,1008,16.8,126.0,8,8,4.375,3.0,Fair,61,High,44,98,100,Healthy,10,30,32
Talk Show,Nbc,Laptop,HD,475,7.916666666666667,79.16666666666667,6,6,4.666666666666667,3.1666666666666665,Fair,53,Medium,33,98,100,Healthy,10,23,20
Talk Show,Nbc,Laptop,SD,886,14.766666666666667,126.57142857142857,7,7,7.714285714285714,2.857142857142857,Poor,58,High,38,98,100,Healthy,10,26,27
Talk Show,Nbc,Mobile App,4K,322,5.366666666666666,80.5,4,4,11.25,3.0,Poor,48,Low,22,98,96,At_Risk,10,17,10
Talk Show,Nbc,Mobile App,HD,1012,16.866666666666667,168.66666666666666,6,6,9.666666666666666,3.1666666666666665,Poor,63,Medium,33,98,96,Healthy,10,23,20
Talk Show,Nbc,Mobile App,SD,1052,17.533333333333335,116.88888888888889,9,9,6.777777777777778,2.7777777777777777,Poor,60,Viral,50,98,96,Healthy,10,34,38
Talk Show,Nbc,Set-Top Box,4K,496,8.266666666666667,124.0,4,4,3.5,2.5,Fair,49,Low,22,98,99,At_Risk,10,17,12
Talk Show,Nbc,Set-Top Box,HD,1034,17.233333333333334,147.71428571428572,7,7,6.638713794796269,2.857142857142857,Poor,61,High,38,98,99,Healthy,10,26,27
Talk Show,Nbc,Set-Top Box,SD,203,3.3833333333333333,67.66666666666667,3,3,8.0,4.0,Poor,49,Low,16,98,99,At_Risk,10,13,0
Talk Show,Nbc,Smart Tv,4K,1263,21.05,105.25,12,12,7.75,2.75,Poor,62,Viral,66,98,95,Healthy,10,43,55
Talk Show,Nbc,Smart Tv,HD,323,5.383333333333334,107.66666666666667,3,3,7.666666666666667,3.3333333333333335,Poor,50,Low,16,98,95,Healthy,10,13,3
Talk Show,Nbc,Smart Tv,SD,618,10.3,103.0,6,6,9.0,3.6666666666666665,Poor,59,Medium,33,98,95,Healthy,10,23,18
Talk Show,Nbc,Tablet,4K,650,10.833333333333334,108.33333333333333,6,6,6.833333333333333,2.0,Poor,49,Medium,33,98,96,At_Risk,10,23,25
Talk Show,Nbc,Tablet,HD,484,8.066666666666666,161.33333333333334,3,3,8.0,4.666666666666667,Poor,63,Low,16,98,96,Healthy,10,13,0
Talk Show,Nbc,Tablet,SD,1017,16.95,127.125,8,8,7.875,2.75,Poor,59,High,44,98,96,Healthy,10,30,33
Talk Show,Netflix,Laptop,4K,915,15.25,130.71428571428572,7,7,8.0,3.142857142857143,Poor,60,High,38,98,100,Healthy,10,26,26
Talk Show,Netflix,Laptop,HD,788,13.133333333333333,157.6,5,5,5.0,4.2,Fair,66,Low,27,98,100,Healthy,10,20,10
Talk Show,Netflix,Laptop,SD,1246,20.766666666666666,113.27272727272727,11,11,6.545454545454546,2.5454545454545454,Poor,61,Viral,61,98,100,Healthy,10,40,50
Talk Show,Netflix,Mobile App,4K,462,7.7,77.0,6,6,5.5,2.8333333333333335,Poor,51,Medium,33,98,96,Healthy,10,23,21
Talk Show,Netflix,Mobile App,HD,728,12.133333333333333,145.6,5,5,7.8,3.0,Poor,57,Low,27,98,96,Healthy,10,20,15
Talk Show,Netflix,Mobile App,SD,1010,16.833333333333332,126.25,8,8,8.25,3.375,Poor,63,High,44,98,96,Healthy,10,30,30
Talk Show,Netflix,Set-Top Box,4K,738,12.3,123.0,6,6,9.666666666666666,2.5,Poor,54,Medium,33,98,99,Healthy,10,23,23
Talk Show,Netflix,Set-Top Box,HD,1052,17.533333333333335,175.33333333333334,6,6,7.578499427262314,2.3333333333333335,Poor,58,Medium,33,98,99,Healthy,10,23,23
Talk Show,Netflix,Set-Top Box,SD,542,9.033333333333333,135.5,4,4,9.0,4.0,Poor,60,Low,22,98,99,Healthy,10,17,6
Talk Show,Netflix,Smart Tv,4K,935,15.583333333333334,155.83333333333334,6,6,6.666666666666667,3.8333333333333335,Poor,65,Medium,33,98,95,Healthy,10,23,17
Talk Show,Netflix,Smart Tv,HD,771,12.85,110.14285714285714,7,7,8.428571428571429,3.857142857142857,Poor,63,High,38,98,95,Healthy,10,26,23
Talk Show,Netflix,Smart Tv,SD,886,14.766666666666667,177.2,5,5,10.2,2.8,Poor,59,Low,27,98,95,Healthy,10,20,16
Talk Show,Netflix,Tablet,4K,686,11.433333333333334,114.33333333333333,6,6,5.323665521191295,2.5,Poor,53,Medium,33,98,96,Healthy,10,23,23
Talk Show,Netflix,Tablet,HD,633,10.55,105.5,6,6,7.333333333333333,3.8333333333333335,Poor,60,Medium,33,98,96,Healthy,10,23,17
Talk Show,Netflix,Tablet,SD,997,16.616666666666667,166.16666666666666,6,6,7.5,3.6666666666666665,Poor,66,Medium,33,98,96,Healthy,10,23,18
Talk Show,Showtime,Laptop,4K,815,13.583333333333334,101.875,8,8,8.375,2.75,Poor,57,High,44,98,100,Healthy,10,30,33
Talk Show,Showtime,Laptop,HD,427,7.116666666666666,85.4,5,5,5.294199312714777,3.2,Poor,52,Low,27,98,100,Healthy,10,20,14
Talk Show,Showtime,Laptop,SD,664,11.066666666666666,132.8,5,5,6.8,2.8,Poor,55,Low,27,98,100,Healthy,10,20,16
Talk Show,Showtime,Mobile App,4K,909,15.15,151.5,6,6,8.5,3.5,Poor,63,Medium,33,98,96,Healthy,10,23,19
Talk Show,Showtime,Mobile App,HD,623,10.383333333333333,103.83333333333333,6,6,2.8333333333333335,2.8333333333333335,Fair,54,Medium,33,98,96,Healthy,10,23,21
Talk Show,Showtime,Mobile App,SD,120,2.0,120.0,1,1,1.0,2.0,Good,34,Low,5,98,96,At_Risk,10,7,0
Talk Show,Showtime,Set-Top Box,4K,334,5.566666666666666,111.33333333333333,3,3,11.666666666666666,2.6666666666666665,Poor,46,Low,16,98,99,At_Risk,10,13,5
Talk Show,Showtime,Set-Top Box,HD,1279,21.316666666666666,142.11111111111111,9,9,7.4967773959526545,3.0,Poor,64,Viral,50,98,99,Healthy,10,34,38
Talk Show,Showtime,Set-Top Box,SD,821,13.683333333333334,117.28571428571429,7,7,7.714285714285714,2.7142857142857144,Poor,56,High,38,98,99,Healthy,10,26,28
Talk Show,Showtime,Smart Tv,4K,1103,18.383333333333333,91.91666666666667,12,12,6.416666666666667,2.8333333333333335,Poor,61,Viral,66,98,95,Healthy,10,43,55
Talk Show,Showtime,Smart Tv,HD,1067,17.783333333333335,152.42857142857142,7,7,5.142857142857143,3.142857142857143,Poor,63,High,38,98,95,Healthy,10,26,26
Talk Show,Showtime,Smart Tv,SD,779,12.983333333333333,97.375,8,8,6.25,2.5,Poor,55,High,44,98,95,Healthy,10,30,34
Talk Show,Showtime,Tablet,4K,307,5.116666666666666,61.4,5,5,6.294199312714777,3.2,Poor,50,Low,27,98,96,Healthy,10,20,14
Talk Show,Showtime,Tablet,HD,1016,16.933333333333334,127.0,8,8,8.375,2.5,Poor,58,High,44,98,96,Healthy,10,30,34
Talk Show,Showtime,Tablet,SD,1280,21.333333333333332,128.0,10,10,3.8,3.7,Fair,68,Viral,55,98,96,Healthy,10,37,40
Thriller,Abc,Laptop,4K,813,13.55,135.5,6,6,8.078499427262313,2.3333333333333335,Poor,54,Medium,33,100,100,Healthy,10,23,23
Thriller,Abc,Laptop,HD,1340,22.333333333333332,134.0,10,10,5.2,3.5,Poor,67,Viral,55,100,100,Healthy,10,37,41
Thriller,Abc,Laptop,SD,1307,21.783333333333335,118.81818181818181,11,11,10.0,2.5454545454545454,Poor,61,Viral,61,100,100,Healthy,10,40,50
Thriller,Abc,Mobile App,4K,1057,17.616666666666667,117.44444444444444,9,9,8.941221840397098,3.3333333333333335,Poor,63,Viral,50,100,96,Healthy,10,34,36
Thriller,Abc,Mobile App,HD,1060,17.666666666666668,151.42857142857142,7,7,9.428571428571429,2.857142857142857,Poor,61,High,38,100,96,Healthy,10,26,27
Thriller,Abc,Mobile App,SD,503,8.383333333333333,125.75,4,4,9.0,3.0,Poor,53,Low,22,100,96,Healthy,10,17,10
Thriller,Abc,Set-Top Box,4K,598,9.966666666666667,99.66666666666667,6,6,6.0,3.0,Poor,54,Medium,33,100,99,Healthy,10,23,21
Thriller,Abc,Set-Top Box,HD,1187,19.783333333333335,118.7,10,10,9.1,2.7,Poor,61,Viral,55,100,99,Healthy,10,37,44
Thriller,Abc,Set-Top Box,SD,6,0.1,6.0,1,1,8.0,3.0,Poor,28,Low,5,100,99,At_Risk,10,7,0
Thriller,Abc,Smart Tv,4K,1698,28.3,141.5,12,12,8.455916380297824,2.5833333333333335,Poor,65,Viral,66,100,95,Healthy,10,43,56
Thriller,Abc,Smart Tv,HD,992,16.533333333333335,124.0,8,8,8.25,3.125,Poor,61,High,44,100,95,Healthy,10,30,31
Thriller,Abc,Smart Tv,SD,695,11.583333333333334,86.875,8,8,7.25,3.0,Poor,57,High,44,100,95,Healthy,10,30,32
Thriller,Abc,Tablet,4K,482,8.033333333333333,80.33333333333333,6,6,4.911832760595647,3.3333333333333335,Fair,54,Medium,33,100,96,Healthy,10,23,19
Thriller,Abc,Tablet,HD,890,14.833333333333334,127.14285714285714,7,7,6.428571428571429,2.5714285714285716,Poor,57,High,38,100,96,Healthy,10,26,28
Thriller,Abc,Tablet,SD,783,13.05,111.85714285714286,7,7,4.571428571428571,3.4285714285714284,Fair,60,High,38,100,96,Healthy,10,26,25
Thriller,Amc,Laptop,4K,1591,26.516666666666666,144.63636363636363,11,11,11.636363636363637,2.090909090909091,Poor,61,Viral,61,100,100,Healthy,10,40,52
Thriller,Amc,Laptop,HD,671,11.183333333333334,134.2,5,5,8.4,3.6,Poor,60,Low,27,100,100,Healthy,10,20,13
Thriller,Amc,Laptop,SD,872,14.533333333333333,145.33333333333334,6,6,9.333333333333334,2.0,Poor,53,Medium,33,100,100,Healthy,10,23,25
Thriller,Amc,Mobile App,4K,442,7.366666666666666,73.66666666666667,6,6,6.0,3.1666666666666665,Poor,53,Medium,33,100,96,Healthy,10,23,20
Thriller,Amc,Mobile App,HD,916,15.266666666666667,91.6,10,10,6.5,4.0,Poor,66,Viral,55,100,96,Healthy,10,37,39
Thriller,Amc,Mobile App,SD,848,14.133333333333333,121.14285714285714,7,7,4.857142857142857,2.0,Fair,53,High,38,100,96,Healthy,10,26,30
Thriller,Amc,Set-Top Box,4K,538,8.966666666666667,67.25,8,8,5.5,2.625,Poor,52,High,44,100,99,Healthy,10,30,33
Thriller,Amc,Set-Top Box,HD,615,10.25,153.75,4,4,8.25,2.75,Poor,54,Low,22,100,99,Healthy,10,17,11
Thriller,Amc,Set-Top Box,SD,1296,21.6,129.6,10,10,8.9,2.8,Poor,63,Viral,55,100,99,Healthy,10,37,44
Thriller,Amc,Smart Tv,4K,875,14.583333333333334,97.22222222222223,9,9,8.555555555555555,3.3333333333333335,Poor,61,Viral,50,100,95,Healthy,10,34,36
Thriller,Amc,Smart Tv,HD,1115,18.583333333333332,92.91666666666667,12,12,7.039249713631157,3.4166666666666665,Poor,65,Viral,66,100,95,Healthy,10,43,52
Thriller,Amc,Smart Tv,SD,887,14.783333333333333,98.55555555555556,9,9,7.222222222222222,3.111111111111111,Poor,60,Viral,50,100,95,Healthy,10,34,37
Thriller,Amc,Tablet,4K,549,9.15,137.25,4,4,6.25,2.0,Poor,48,Low,22,100,96,At_Risk,10,17,14
Thriller,Amc,Tablet,HD,1357,22.616666666666667,113.08333333333333,12,12,6.666666666666667,2.6666666666666665,Poor,62,Viral,66,100,96,Healthy,10,43,55
Thriller,Amc,Tablet,SD,1070,17.833333333333332,107.0,10,10,10.2,3.0,Poor,61,Viral,55,100,96,Healthy,10,37,43
Thriller,Cbs,Laptop,4K,1013,16.883333333333333,112.55555555555556,9,9,9.882443680794196,2.2222222222222223,Poor,56,Viral,50,100,100,Healthy,10,34,41
Thriller,Cbs,Laptop,HD,1082,18.033333333333335,120.22222222222223,9,9,5.666666666666667,3.111111111111111,Poor,62,Viral,50,100,100,Healthy,10,34,37
Thriller,Cbs,Laptop,SD,682,11.366666666666667,136.4,5,5,6.8,3.2,Poor,57,Low,27,100,100,Healthy,10,20,14
Thriller,Cbs,Mobile App,4K,249,4.15,124.5,2,2,6.5,3.0,Poor,46,Low,11,100,96,At_Risk,10,10,0
Thriller,Cbs,Mobile App,HD,1194,19.9,99.5,12,12,7.916666666666667,3.25,Poor,64,Viral,66,100,96,Healthy,10,43,53
Thriller,Cbs,Mobile App,SD,1826,30.433333333333334,140.46153846153845,13,13,9.574692043351837,2.769230769230769,Poor,67,Viral,72,100,96,Healthy,10,47,61
Thriller,Cbs,Set-Top Box,4K,493,8.216666666666667,98.6,5,5,7.2,2.8,Poor,51,Low,27,100,99,Healthy,10,20,16
Thriller,Cbs,Set-Top Box,HD,633,10.55,126.6,5,5,8.4,1.6,Poor,47,Low,27,100,99,At_Risk,10,20,21
Thriller,Cbs,Set-Top Box,SD,1074,17.9,153.42857142857142,7,7,5.0,3.0,Fair,62,High,38,100,99,Healthy,10,26,26
Thriller,Cbs,Smart Tv,4K,1314,21.9,146.0,9,9,6.555555555555555,3.2222222222222223,Poor,66,Viral,50,100,95,Healthy,10,34,37
Thriller,Cbs,Smart Tv,HD,433,7.216666666666667,144.33333333333334,3,3,7.0,3.6666666666666665,Poor,56,Low,16,100,95,Healthy,10,13,1
Thriller,Cbs,Smart Tv,SD,1032,17.2,129.0,8,8,5.0,2.75,Fair,59,High,44,100,95,Healthy,10,30,33
Thriller,Cbs,Tablet,4K,634,10.566666666666666,79.25,8,8,8.5,3.25,Poor,57,High,44,100,96,Healthy,10,30,31
Thriller,Cbs,Tablet,HD,689,11.483333333333333,98.42857142857143,7,7,7.428571428571429,4.142857142857143,Poor,63,High,38,100,96,Healthy,10,26,22
Thriller,Cbs,Tablet,SD,731,12.183333333333334,182.75,4,4,9.117749140893471,3.0,Poor,59,Low,22,100,96,Healthy,10,17,10
Thriller,Cnn,Laptop,4K,678,11.3,113.0,6,6,9.333333333333334,2.6666666666666665,Poor,54,Medium,33,100,100,Healthy,10,23,22
Thriller,Cnn,Laptop,HD,911,15.183333333333334,101.22222222222223,9,9,7.607888507063766,2.6666666666666665,Poor,57,Viral,50,100,100,Healthy,10,34,39
Thriller,Cnn,Laptop,SD,997,16.616666666666667,142.42857142857142,7,7,7.781570937653412,2.857142857142857,Poor,60,High,38,100,100,Healthy,10,26,27
Thriller,Cnn,Mobile App,4K,828,13.8,165.6,5,5,7.2,3.0,Poor,59,Low,27,100,96,Healthy,10,20,15
Thriller,Cnn,Mobile App,HD,458,7.633333333333334,152.66666666666666,3,3,9.0,4.0,Poor,58,Low,16,100,96,Healthy,10,13,0
Thriller,Cnn,Mobile App,SD,1417,23.616666666666667,141.7,10,10,6.247099656357388,2.6,Poor,63,Viral,55,100,96,Healthy,10,37,45
Thriller,Cnn,Set-Top Box,4K,507,8.45,84.5,6,6,10.0,3.6666666666666665,Poor,57,Medium,33,100,99,Healthy,10,23,18
Thriller,Cnn,Set-Top Box,HD,1215,20.25,121.5,10,10,7.5,2.8,Poor,62,Viral,55,100,99,Healthy,10,37,44
Thriller,Cnn,Set-Top Box,SD,1060,17.666666666666668,117.77777777777777,9,9,7.333333333333333,3.0,Poor,61,Viral,50,100,99,Healthy,10,34,38
Thriller,Cnn,Smart Tv,4K,357,5.95,119.0,3,3,9.333333333333334,2.6666666666666665,Poor,47,Low,16,100,95,At_Risk,10,13,5
Thriller,Cnn,Smart Tv,HD,731,12.183333333333334,104.42857142857143,7,7,9.285714285714286,2.5714285714285716,Poor,54,High,38,100,95,Healthy,10,26,28
Thriller,Cnn,Smart Tv,SD,1625,27.083333333333332,232.14285714285714,7,7,3.5714285714285716,3.2857142857142856,Fair,72,High,38,100,95,Healthy,10,26,25
Thriller,Cnn,Tablet,4K,1033,17.216666666666665,129.125,8,8,7.0,3.25,Poor,63,High,44,100,96,Healthy,10,30,31
Thriller,Cnn,Tablet,HD,1123,18.716666666666665,112.3,10,10,6.9,3.3,Poor,64,Viral,55,100,96,Healthy,10,37,42
Thriller,Cnn,Tablet,SD,1084,18.066666666666666,108.4,10,10,6.5,3.2,Poor,63,Viral,55,100,96,Healthy,10,37,42
Thriller,Discovery Channel,Laptop,4K,808,13.466666666666667,115.42857142857143,7,7,7.571428571428571,3.142857142857143,Poor,59,High,38,100,100,Healthy,10,26,26
Thriller,Discovery Channel,Laptop,HD,1150,19.166666666666668,104.54545454545455,11,11,7.454545454545454,3.6363636363636362,Poor,66,Viral,61,100,100,Healthy,10,40,46
Thriller,Discovery Channel,Laptop,SD,803,13.383333333333333,114.71428571428571,7,7,5.714285714285714,3.5714285714285716,Poor,61,High,38,100,100,Healthy,10,26,24
Thriller,Discovery Channel,Mobile App,4K,1542,25.7,128.5,12,12,8.916666666666666,2.5,Poor,63,Viral,66,100,96,Healthy,10,43,56
Thriller,Discovery Channel,Mobile App,HD,1384,23.066666666666666,153.77777777777777,9,9,9.0,3.2222222222222223,Poor,66,Viral,50,100,96,Healthy,10,34,37
Thriller,Discovery Channel,Mobile App,SD,868,14.466666666666667,144.66666666666666,6,6,7.166666666666667,3.1666666666666665,Poor,60,Medium,33,100,96,Healthy,10,23,20
Thriller,Discovery Channel,Set-Top Box,4K,1152,19.2,128.0,9,9,5.666666666666667,3.4444444444444446,Poor,65,Viral,50,100,99,Healthy,10,34,36
Thriller,Discovery Channel,Set-Top Box,HD,472,7.866666666666666,118.0,4,4,10.0,4.0,Poor,58,Low,22,100,99,Healthy,10,17,6
Thriller,Discovery Channel,Set-Top Box,SD,403,6.716666666666667,100.75,4,4,8.617749140893471,2.5,Poor,47,Low,22,100,99,At_Risk,10,17,12
Thriller,Discovery Channel,Smart Tv,4K,570,9.5,81.42857142857143,7,7,10.0,2.7142857142857144,Poor,53,High,38,100,95,Healthy,10,26,28
Thriller,Discovery Channel,Smart Tv,HD,761,12.683333333333334,95.125,8,8,7.875,3.75,Poor,62,High,44,100,95,Healthy,10,30,29
Thriller,Discovery Channel,Smart Tv,SD,812,13.533333333333333,116.0,7,7,7.285714285714286,3.0,Poor,58,High,38,100,95,Healthy,10,26,26
Thriller,Discovery Channel,Tablet,4K,550,9.166666666666666,110.0,5,5,9.8,4.0,Poor,59,Low,27,100,96,Healthy,10,20,11
Thriller,Discovery Channel,Tablet,HD,1716,28.6,122.57142857142857,14,14,8.462214040255278,3.142857142857143,Poor,68,Viral,77,100,96,Healthy,10,50,65
Thriller,Discovery Channel,Tablet,SD,338,5.633333333333334,112.66666666666667,3,3,6.333333333333333,2.6666666666666665,Poor,46,Low,16,100,96,At_Risk,10,13,5
Thriller,Disney+,Laptop,4K,1352,22.533333333333335,150.22222222222223,9,9,8.660221458571975,3.6666666666666665,Poor,69,Viral,50,100,100,Healthy,10,34,35
Thriller,Disney+,Laptop,HD,615,10.25,153.75,4,4,11.5,2.5,Poor,53,Low,22,100,100,Healthy,10,17,12
Thriller,Disney+,Laptop,SD,1123,18.716666666666665,112.3,10,10,5.8,2.7,Poor,60,Viral,55,100,100,Healthy,10,37,44
Thriller,Disney+,Mobile App,4K,369,6.15,73.8,5,5,13.4,2.8,Poor,48,Low,27,100,96,At_Risk,10,20,16
Thriller,Disney+,Mobile App,HD,984,16.4,164.0,6,6,6.166666666666667,2.5,Poor,58,Medium,33,100,96,Healthy,10,23,23
Thriller,Disney+,Mobile App,SD,513,8.55,128.25,4,4,5.5,1.5,Poor,44,Low,22,100,96,At_Risk,10,17,16
Thriller,Disney+,Set-Top Box,4K,1319,21.983333333333334,131.9,10,10,7.2,3.0,Poor,64,Viral,55,100,99,Healthy,10,37,43
Thriller,Disney+,Set-Top Box,HD,472,7.866666666666666,94.4,5,5,6.8,3.2,Poor,53,Low,27,100,99,Healthy,10,20,14
Thriller,Disney+,Set-Top Box,SD,711,11.85,118.5,6,6,9.166666666666666,3.3333333333333335,Poor,58,Medium,33,100,99,Healthy,10,23,19
Thriller,Disney+,Smart Tv,4K,582,9.7,116.4,5,5,9.4,3.2,Poor,55,Low,27,100,95,Healthy,10,20,14
Thriller,Disney+,Smart Tv,HD,745,12.416666666666666,149.0,5,5,7.4,3.2,Poor,59,Low,27,100,95,Healthy,10,20,14
Thriller,Disney+,Smart Tv,SD,1151,19.183333333333334,164.42857142857142,7,7,6.352999509081983,2.2857142857142856,Poor,59,High,38,100,95,Healthy,10,26,29
Thriller,Disney+,Tablet,4K,817,13.616666666666667,136.16666666666666,6,6,8.166666666666666,2.1666666666666665,Poor,53,Medium,33,100,96,Healthy,10,23,24
Thriller,Disney+,Tablet,HD,1294,21.566666666666666,143.77777777777777,9,9,10.444444444444445,3.7777777777777777,Poor,69,Viral,50,100,96,Healthy,10,34,34
Thriller,Disney+,Tablet,SD,847,14.116666666666667,141.16666666666666,6,6,7.666666666666667,2.5,Poor,56,Medium,33,100,96,Healthy,10,23,23
Thriller,Espn,Laptop,4K,591,9.85,84.42857142857143,7,7,11.285714285714286,3.0,Poor,55,High,38,100,100,Healthy,10,26,26
Thriller,Espn,Laptop,HD,423,7.05,211.5,2,2,9.735498281786942,2.0,Poor,49,Low,11,100,100,At_Risk,10,10,3
Thriller,Espn,Laptop,SD,622,10.366666666666667,103.66666666666667,6,6,7.166666666666667,2.3333333333333335,Poor,51,Medium,33,100,100,Healthy,10,23,23
Thriller,Espn,Mobile App,4K,882,14.7,147.0,6,6,8.666666666666666,2.6666666666666665,Poor,57,Medium,33,100,96,Healthy,10,23,22
Thriller,Espn,Mobile App,HD,915,15.25,83.18181818181819,11,11,6.7272727272727275,2.909090909090909,Poor,60,Viral,61,100,96,Healthy,10,40,49
Thriller,Espn,Mobile App,SD,935,15.583333333333334,116.875,8,8,7.8088745704467355,3.625,Poor,63,High,44,100,96,Healthy,10,30,29
Thriller,Espn,Set-Top Box,4K,1203,20.05,120.3,10,10,8.7,2.5,Poor,60,Viral,55,100,99,Healthy,10,37,45
Thriller,Espn,Set-Top Box,HD,582,9.7,97.0,6,6,8.5,2.3333333333333335,Poor,50,Medium,33,100,99,Healthy,10,23,23
Thriller,Espn,Set-Top Box,SD,708,11.8,101.14285714285714,7,7,7.0,2.857142857142857,Poor,56,High,38,100,99,Healthy,10,26,27
Thriller,Espn,Smart Tv,4K,964,16.066666666666666,192.8,5,5,4.4,3.2,Fair,63,Low,27,100,95,Healthy,10,20,14
Thriller,Espn,Smart Tv,HD,510,8.5,85.0,6,6,7.166666666666667,2.8333333333333335,Poor,52,Medium,33,100,95,Healthy,10,23,21
Thriller,Espn,Smart Tv,SD,1529,25.483333333333334,152.9,10,10,9.547099656357389,2.7,Poor,64,Viral,55,100,95,Healthy,10,37,44
Thriller,Espn,Tablet,4K,1167,19.45,129.66666666666666,9,9,6.222222222222222,2.5555555555555554,Poor,60,Viral,50,100,96,Healthy,10,34,39
Thriller,Espn,Tablet,HD,1476,24.6,147.6,10,10,6.9,3.5,Poor,69,Viral,55,100,96,Healthy,10,37,41
Thriller,Espn,Tablet,SD,1071,17.85,119.0,9,9,6.333333333333333,2.888888888888889,Poor,61,Viral,50,100,96,Healthy,10,34,38
Thriller,Fox News,Laptop,4K,892,14.866666666666667,127.42857142857143,7,7,3.495856651939126,3.0,Fair,59,High,38,100,100,Healthy,10,26,26
Thriller,Fox News,Laptop,HD,1322,22.033333333333335,165.25,8,8,7.125,2.625,Poor,63,High,44,100,100,Healthy,10,30,33
Thriller,Fox News,Laptop,SD,432,7.2,86.4,5,5,10.8,2.6,Poor,49,Low,27,100,100,At_Risk,10,20,17
Thriller,Fox News,Mobile App,4K,272,4.533333333333333,136.0,2,2,10.0,2.0,Poor,41,Low,11,100,96,At_Risk,10,10,3
Thriller,Fox News,Mobile App,HD,987,16.45,141.0,7,7,5.857142857142857,4.0,Poor,67,High,38,100,96,Healthy,10,26,22
Thriller,Fox News,Mobile App,SD,467,7.783333333333333,155.66666666666666,3,3,12.0,2.3333333333333335,Poor,49,Low,16,100,96,At_Risk,10,13,7
Thriller,Fox News,Set-Top Box,4K,1025,17.083333333333332,102.5,10,10,7.8,2.8,Poor,60,Viral,55,100,99,Healthy,10,37,44
Thriller,Fox News,Set-Top Box,HD,944,15.733333333333333,157.33333333333334,6,6,8.333333333333334,1.6666666666666667,Poor,53,Medium,33,100,99,Healthy,10,23,26
Thriller,Fox News,Set-Top Box,SD,331,5.516666666666667,66.2,5,5,3.694199312714777,3.6,Fair,52,Low,27,100,99,Healthy,10,20,13
Thriller,Fox News,Smart Tv,4K,582,9.7,145.5,4,4,8.5,3.5,Poor,58,Low,22,100,95,Healthy,10,17,8
Thriller,Fox News,Smart Tv,HD,865,14.416666666666666,144.16666666666666,6,6,8.333333333333334,2.8333333333333335,Poor,58,Medium,33,100,95,Healthy,10,23,21
Thriller,Fox News,Smart Tv,SD,1156,19.266666666666666,96.33333333333333,12,12,7.99516609392898,2.75,Poor,61,Viral,66,100,95,Healthy,10,43,55
Thriller,Fox News,Tablet,4K,363,6.05,181.5,2,2,3.5,3.0,Fair,52,Low,11,100,96,Healthy,10,10,0
Thriller,Fox News,Tablet,HD,195,3.25,97.5,2,2,8.5,3.0,Poor,43,Low,11,100,96,At_Risk,10,10,0
Thriller,Fox News,Tablet,SD,1040,17.333333333333332,104.0,10,10,8.1,3.0,Poor,61,Viral,55,100,96,Healthy,10,37,43
Thriller,Hbo,Laptop,4K,952,15.866666666666667,119.0,8,8,9.5,3.5,Poor,63,High,44,100,100,Healthy,10,30,30
Thriller,Hbo,Laptop,HD,783,13.05,130.5,6,6,4.666666666666667,3.0,Fair,58,Medium,33,100,100,Healthy,10,23,21
Thriller,Hbo,Laptop,SD,1004,16.733333333333334,143.42857142857142,7,7,7.571428571428571,3.0,Poor,61,High,38,100,100,Healthy,10,26,26
Thriller,Hbo,Mobile App,4K,1132,18.866666666666667,141.5,8,8,7.0,2.5,Poor,59,High,44,100,96,Healthy,10,30,34
Thriller,Hbo,Mobile App,HD,881,14.683333333333334,125.85714285714286,7,7,5.781570937653412,3.0,Poor,59,High,38,100,96,Healthy,10,26,26
Thriller,Hbo,Mobile App,SD,799,13.316666666666666,159.8,5,5,6.6,2.8,Poor,58,Low,27,100,96,Healthy,10,20,16
Thriller,Hbo,Set-Top Box,4K,985,16.416666666666668,140.71428571428572,7,7,5.285714285714286,3.4285714285714284,Poor,63,High,38,100,99,Healthy,10,26,25
Thriller,Hbo,Set-Top Box,HD,1935,32.25,107.5,18,18,7.333333333333333,3.2222222222222223,Poor,70,Viral,100,100,99,Healthy,10,64,87
Thriller,Hbo,Set-Top Box,SD,563,9.383333333333333,93.83333333333333,6,6,8.745166093928981,3.5,Poor,57,Medium,33,100,99,Healthy,10,23,19
Thriller,Hbo,Smart Tv,4K,643,10.716666666666667,128.6,5,5,6.8,3.0,Poor,55,Low,27,100,95,Healthy,10,20,15
Thriller,Hbo,Smart Tv,HD,1257,20.95,114.27272727272727,11,11,6.454545454545454,2.8181818181818183,Poor,62,Viral,61,100,95,Healthy,10,40,49
Thriller,Hbo,Smart Tv,SD,537,8.95,134.25,4,4,10.75,2.25,Poor,49,Low,22,100,95,At_Risk,10,17,13
Thriller,Hbo,Tablet,4K,1139,18.983333333333334,126.55555555555556,9,9,11.0,3.3333333333333335,Poor,64,Viral,50,100,96,Healthy,10,34,36
Thriller,Hbo,Tablet,HD,761,12.683333333333334,152.2,5,5,8.0,3.8,Poor,63,Low,27,100,96,Healthy,10,20,12
Thriller,Hbo,Tablet,SD,564,9.4,188.0,3,3,7.666666666666667,3.3333333333333335,Poor,58,Low,16,100,96,Healthy,10,13,3
Thriller,Hgtv,Laptop,4K,1264,21.066666666666666,158.0,8,8,5.3088745704467355,2.625,Poor,62,High,44,100,100,Healthy,10,30,33
Thriller,Hgtv,Laptop,HD,687,11.45,85.875,8,8,10.125,2.75,Poor,55,High,44,100,100,Healthy,10,30,33
Thriller,Hgtv,Laptop,SD,1080,18.0,154.28571428571428,7,7,12.0,3.142857142857143,Poor,63,High,38,100,100,Healthy,10,26,26
Thriller,Hgtv,Mobile App,4K,237,3.95,79.0,3,3,9.333333333333334,2.3333333333333335,Poor,41,Low,16,100,96,At_Risk,10,13,7
Thriller,Hgtv,Mobile App,HD,641,10.683333333333334,106.83333333333333,6,6,8.666666666666666,3.1666666666666665,Poor,56,Medium,33,100,96,Healthy,10,23,20
Thriller,Hgtv,Mobile App,SD,1039,17.316666666666666,129.875,8,8,7.6838745704467355,3.125,Poor,62,High,44,100,96,Healthy,10,30,31
Thriller,Hgtv,Set-Top Box,4K,239,3.9833333333333334,239.0,1,1,15.0,3.0,Poor,52,Low,5,100,99,Healthy,10,7,0
Thriller,Hgtv,Set-Top Box,HD,928,15.466666666666667,132.57142857142858,7,7,9.714285714285714,2.857142857142857,Poor,59,High,38,100,99,Healthy,10,26,27
Thriller,Hgtv,Set-Top Box,SD,637,10.616666666666667,106.16666666666667,6,6,7.0,3.3333333333333335,Poor,57,Medium,33,100,99,Healthy,10,23,19
Thriller,Hgtv,Smart Tv,4K,1232,20.533333333333335,136.88888888888889,9,9,3.830110729285987,3.5555555555555554,Fair,67,Viral,50,100,95,Healthy,10,34,35
Thriller,Hgtv,Smart Tv,HD,1474,24.566666666666666,163.77777777777777,9,9,7.666666666666667,2.2222222222222223,Poor,61,Viral,50,100,95,Healthy,10,34,41
Thriller,Hgtv,Smart Tv,SD,705,11.75,141.0,5,5,8.0,2.8,Poor,56,Low,27,100,95,Healthy,10,20,16
Thriller,Hgtv,Tablet,4K,1052,17.533333333333335,116.88888888888889,9,9,7.0,3.2222222222222223,Poor,62,Viral,50,100,96,Healthy,10,34,37
Thriller,Hgtv,Tablet,HD,336,5.6,84.0,4,4,7.5,4.0,Poor,54,Low,22,100,96,Healthy,10,17,6
Thriller,Hgtv,Tablet,SD,643,10.716666666666667,128.6,5,5,6.094199312714776,2.2,Poor,51,Low,27,100,96,Healthy,10,20,18
Thriller,Local Channel,Laptop,4K,975,16.25,121.875,8,8,7.1766237113402065,2.75,Poor,59,High,44,100,100,Healthy,10,30,33
Thriller,Local Channel,Laptop,HD,755,12.583333333333334,125.83333333333333,6,6,7.166666666666667,3.5,Poor,60,Medium,33,100,100,Healthy,10,23,19
Thriller,Local Channel,Laptop,SD,957,15.95,119.625,8,8,6.6838745704467355,3.25,Poor,62,High,44,100,100,Healthy,10,30,31
Thriller,Local Channel,Mobile App,4K,666,11.1,133.2,5,5,6.894199312714777,3.2,Poor,57,Low,27,100,96,Healthy,10,20,14
Thriller,Local Channel,Mobile App,HD,882,14.7,126.0,7,7,8.142857142857142,2.5714285714285716,Poor,57,High,38,100,96,Healthy,10,26,28
Thriller,Local Channel,Mobile App,SD,969,16.15,138.42857142857142,7,7,10.63871379479627,3.2857142857142856,Poor,62,High,38,100,96,Healthy,10,26,25
Thriller,Local Channel,Set-Top Box,4K,929,15.483333333333333,116.125,8,8,6.8088745704467355,2.5,Poor,57,High,44,100,99,Healthy,10,30,34
Thriller,Local Channel,Set-Top Box,HD,1356,22.6,150.66666666666666,9,9,6.111111111111111,3.6666666666666665,Poor,69,Viral,50,100,99,Healthy,10,34,35
Thriller,Local Channel,Set-Top Box,SD,1085,18.083333333333332,155.0,7,7,4.857142857142857,2.4285714285714284,Fair,59,High,38,100,99,Healthy,10,26,29
Thriller,Local Channel,Smart Tv,4K,645,10.75,129.0,5,5,8.2,3.6,Poor,59,Low,27,100,95,Healthy,10,20,13
Thriller,Local Channel,Smart Tv,HD,730,12.166666666666666,146.0,5,5,10.4,2.6,Poor,55,Low,27,100,95,Healthy,10,20,17
Thriller,Local Channel,Smart Tv,SD,885,14.75,177.0,5,5,5.4,3.0,Poor,61,Low,27,100,95,Healthy,10,20,15
Thriller,Local Channel,Tablet,4K,1202,20.033333333333335,100.16666666666667,12,12,7.25,2.8333333333333335,Poor,62,Viral,66,100,96,Healthy,10,43,55
Thriller,Local Channel,Tablet,HD,846,14.1,120.85714285714286,7,7,6.857142857142857,2.7142857142857144,Poor,57,High,38,100,96,Healthy,10,26,28
Thriller,Local Channel,Tablet,SD,959,15.983333333333333,106.55555555555556,9,9,8.830110729285988,2.4444444444444446,Poor,57,Viral,50,100,96,Healthy,10,34,40
Thriller,Nbc,Laptop,4K,806,13.433333333333334,134.33333333333334,6,6,9.833333333333334,3.5,Poor,61,Medium,33,100,100,Healthy,10,23,19
Thriller,Nbc,Laptop,HD,519,8.65,64.875,8,8,10.125,3.5,Poor,57,High,44,100,100,Healthy,10,30,30
Thriller,Nbc,Laptop,SD,758,12.633333333333333,151.6,5,5,5.8,2.4,Poor,54,Low,27,100,100,Healthy,10,20,18
Thriller,Nbc,Mobile App,4K,523,8.716666666666667,174.33333333333334,3,3,4.666666666666667,1.6666666666666667,Fair,47,Low,16,100,96,At_Risk,10,13,9
Thriller,Nbc,Mobile App,HD,596,9.933333333333334,149.0,4,4,10.117749140893471,2.75,Poor,54,Low,22,100,96,Healthy,10,17,11
Thriller,Nbc,Mobile App,SD,957,15.95,136.71428571428572,7,7,8.0,3.2857142857142856,Poor,62,High,38,100,96,Healthy,10,26,25
Thriller,Nbc,Set-Top Box,4K,711,11.85,118.5,6,6,7.078499427262314,3.5,Poor,59,Medium,33,100,99,Healthy,10,23,19
Thriller,Nbc,Set-Top Box,HD,1017,16.95,145.28571428571428,7,7,9.63871379479627,2.4285714285714284,Poor,58,High,38,100,99,Healthy,10,26,29
Thriller,Nbc,Set-Top Box,SD,521,8.683333333333334,104.2,5,5,9.4,2.0,Poor,47,Low,27,100,99,At_Risk,10,20,19
Thriller,Nbc,Smart Tv,4K,1930,32.166666666666664,160.83333333333334,12,12,7.416666666666667,3.0,Poor,69,Viral,66,100,95,Healthy,10,43,54
Thriller,Nbc,Smart Tv,HD,1184,19.733333333333334,148.0,8,8,7.6838745704467355,3.0,Poor,63,High,44,100,95,Healthy,10,30,32
Thriller,Nbc,Smart Tv,SD,562,9.366666666666667,70.25,8,8,5.6838745704467355,3.25,Poor,56,High,44,100,95,Healthy,10,30,31
Thriller,Nbc,Tablet,4K,1632,27.2,148.36363636363637,11,11,7.497363323961261,2.6363636363636362,Poor,65,Viral,61,100,96,Healthy,10,40,50
Thriller,Nbc,Tablet,HD,798,13.3,159.6,5,5,4.2,3.4,Fair,61,Low,27,100,96,Healthy,10,20,14
Thriller,Nbc,Tablet,SD,814,13.566666666666666,135.66666666666666,6,6,4.666666666666667,2.0,Fair,52,Medium,33,100,96,Healthy,10,23,25
Thriller,Netflix,Laptop,4K,1317,21.95,164.625,8,8,8.625,2.25,Poor,60,High,44,100,100,Healthy,10,30,35
Thriller,Netflix,Laptop,HD,975,16.25,108.33333333333333,9,9,9.0,3.888888888888889,Poor,66,Viral,50,100,100,Healthy,10,34,34
Thriller,Netflix,Laptop,SD,499,8.316666666666666,166.33333333333334,3,3,1.6666666666666667,3.3333333333333335,Good,56,Low,16,100,100,Healthy,10,13,3
Thriller,Netflix,Mobile App,4K,594,9.9,118.8,5,5,6.0,3.0,Poor,54,Low,27,100,96,Healthy,10,20,15
Thriller,Netflix,Mobile App,HD,947,15.783333333333333,105.22222222222223,9,9,7.4967773959526545,2.6666666666666665,Poor,58,Viral,50,100,96,Healthy,10,34,39
Thriller,Netflix,Mobile App,SD,545,9.083333333333334,136.25,4,4,5.5,2.75,Poor,52,Low,22,100,96,Healthy,10,17,11
Thriller,Netflix,Set-Top Box,4K,739,12.316666666666666,105.57142857142857,7,7,8.142857142857142,2.5714285714285716,Poor,54,High,38,100,99,Healthy,10,26,28
Thriller,Netflix,Set-Top Box,HD,1120,18.666666666666668,140.0,8,8,6.1838745704467355,2.5,Poor,59,High,44,100,99,Healthy,10,30,34
Thriller,Netflix,Set-Top Box,SD,456,7.6,65.14285714285714,7,7,7.638713794796269,3.142857142857143,Poor,53,High,38,100,99,Healthy,10,26,26
Thriller,Netflix,Smart Tv,4K,1230,20.5,153.75,8,8,4.5,3.375,Fair,66,High,44,100,95,Healthy,10,30,30
Thriller,Netflix,Smart Tv,HD,1044,17.4,116.0,9,9,8.555555555555555,3.0,Poor,61,Viral,50,100,95,Healthy,10,34,38
Thriller,Netflix,Smart Tv,SD,1137,18.95,142.125,8,8,7.6838745704467355,2.625,Poor,60,High,44,100,95,Healthy,10,30,33
Thriller,Netflix,Tablet,4K,1045,17.416666666666668,130.625,8,8,5.75,2.875,Poor,60,High,44,100,96,Healthy,10,30,32
Thriller,Netflix,Tablet,HD,626,10.433333333333334,156.5,4,4,7.25,3.5,Poor,59,Low,22,100,96,Healthy,10,17,8
Thriller,Netflix,Tablet,SD,1229,20.483333333333334,122.9,10,10,7.6,3.4,Poor,65,Viral,55,100,96,Healthy,10,37,41
Thriller,Showtime,Laptop,4K,1103,18.383333333333333,137.875,8,8,7.25,3.125,Poor,63,High,44,100,100,Healthy,10,30,31
Thriller,Showtime,Laptop,HD,848,14.133333333333333,141.33333333333334,6,6,4.333333333333333,3.6666666666666665,Fair,63,Medium,33,100,100,Healthy,10,23,18
Thriller,Showtime,Laptop,SD,1015,16.916666666666668,112.77777777777777,9,9,7.385666284841544,3.111111111111111,Poor,61,Viral,50,100,100,Healthy,10,34,37
Thriller,Showtime,Mobile App,4K,1103,18.383333333333333,122.55555555555556,9,9,7.111111111111111,3.0,Poor,62,Viral,50,100,96,Healthy,10,34,38
Thriller,Showtime,Mobile App,HD,1202,20.033333333333335,109.27272727272727,11,11,8.090909090909092,3.4545454545454546,Poor,66,Viral,61,100,96,Healthy,10,40,47
Thriller,Showtime,Mobile App,SD,473,7.883333333333334,94.6,5,5,7.8,2.8,Poor,51,Low,27,100,96,Healthy,10,20,16
Thriller,Showtime,Set-Top Box,4K,934,15.566666666666666,155.66666666666666,6,6,6.411832760595647,3.8333333333333335,Poor,65,Medium,33,100,99,Healthy,10,23,17
Thriller,Showtime,Set-Top Box,HD,786,13.1,131.0,6,6,8.666666666666666,3.5,Poor,61,Medium,33,100,99,Healthy,10,23,19
Thriller,Showtime,Set-Top Box,SD,1542,25.7,140.1818181818182,11,11,9.176544829740706,2.727272727272727,Poor,64,Viral,61,100,99,Healthy,10,40,50
Thriller,Showtime,Smart Tv,4K,927,15.45,185.4,5,5,6.8,2.4,Poor,58,Low,27,100,95,Healthy,10,20,18
Thriller,Showtime,Smart Tv,HD,341,5.683333333333334,113.66666666666667,3,3,1.3333333333333333,2.6666666666666665,Good,46,Low,16,100,95,At_Risk,10,13,5
Thriller,Showtime,Smart Tv,SD,1061,17.683333333333334,132.625,8,8,8.625,2.5,Poor,58,High,44,100,95,Healthy,10,30,34
Thriller,Showtime,Tablet,4K,991,16.516666666666666,123.875,8,8,8.75,3.25,Poor,62,High,44,100,96,Healthy,10,30,31
Thriller,Showtime,Tablet,HD,634,10.566666666666666,63.4,10,10,5.447099656357389,2.7,Poor,55,Viral,55,100,96,Healthy,10,37,44
Thriller,Showtime,Tablet,SD,836,13.933333333333334,139.33333333333334,6,6,5.666666666666667,2.8333333333333335,Poor,58,Medium,33,100,96,Healthy,10,23,21
